mean_x,std_x,median_x,rms_x,mean_y,std_y,median_y,rms_y,mean_z,std_z,median_z,rms_z,Activity
-3.0653136277916664,2.219496074653644,-2.9027636,3.7823127738695677,-5.574503777202334,5.476515077348457,-6.07436835,7.8081582781404535,-4.557522616599999,7.4853378882878525,-6.55157585,8.752972528898514,hand_wash
-3.3617172703766665,1.639074309476387,-3.57336915,3.73881697634795,-4.406213241433333,2.8756913919767206,-4.3086400000000005,5.2589686036584355,-9.168913134999999,2.787795153877364,-9.414822000000001,9.582007299678446,hand_wash
-5.512820036733333,2.2157271308902784,-5.433102,5.940056115355862,-6.837277823866668,4.333115645268718,-5.7151155,8.09083882746574,-1.0892189544433333,4.254552341485193,-0.23950195000000002,4.384891808441152,hand_wash
-3.6468882447000004,1.8225799800394196,-3.5392400999999998,4.075600445786208,-2.481228255877667,3.2340655092580817,-2.7800189,4.071954008034049,-9.878737078999999,2.848974695108032,-10.07105675,10.280031496384831,hand_wash
-5.121202406299999,2.0415549802150252,-5.2576667,5.511875149868953,-6.1961071328,5.092457708272462,-5.81690375,8.014887732212902,-0.7699069731333334,5.328640470644767,1.31187195,5.375176088444726,hand_wash
-3.4405533239366664,1.4899841459741239,-3.4254766500000002,3.748340933567148,-1.790520585313333,3.303205515920858,-1.0556049,3.75243388898984,-9.989007774500001,2.908896530237233,-10.307566000000001,10.402583801436172,hand_wash
-4.72666682639,1.7569599965920863,-4.72297835,5.0416265254930535,-5.168312428853333,4.61679121788745,-4.2355922,6.924966809160218,-3.3131422895666667,5.856842889818911,-2.2465284,6.720504329151991,hand_wash
-3.9071669974666663,1.4063555642147145,-3.849395,4.151770361245154,-3.2618090419233337,4.165947344979236,-2.2201831,5.285514650076681,-7.005076866616667,5.501765196976564,-9.3519525,8.901664120952985,hand_wash
-4.491791283533333,1.6702199522774028,-4.321213950000001,4.7912967807802245,-6.04851406601,3.948713552069546,-5.895939500000001,7.219756689849794,-2.420151262977667,5.391902089893859,-1.4316228999999998,5.901934563248801,hand_wash
