mean_x,std_x,median_x,rms_x,mean_y,std_y,median_y,rms_y,mean_z,std_z,median_z,rms_z,Activity
-1.6552379134846666,1.440502601136643,-1.8399736999999998,2.1927023209513803,-4.475333485500001,5.64265034779519,-5.31454825,7.194579979221804,-0.29113061686666697,7.481498200028482,-1.5896942,7.474690381684706,hand_wash
-0.892504034727,1.9303241053891742,-0.496966555,2.1237453001739643,-7.776305069516666,3.1884299956083244,-7.4952135,8.402566240042137,-5.209578607068334,5.348753509627459,-6.628815400000001,7.46012798078024,hand_wash
-2.354787187367333,1.8702097315574586,-2.3321502499999998,3.0051702430425142,-6.666512929199999,2.8194273292287004,-6.12945385,7.236371180716877,-6.388251570516667,4.144574211666867,-7.56287285,7.611175678319084,hand_wash
-4.168679185333333,0.9042556250421523,-4.1128472,4.265306412385128,-4.698158136333333,1.5326425237481687,-4.48048275,4.941037644319014,-5.443472253136667,6.045035613205437,-8.3059275,8.127240463427572,hand_wash
-3.922495123333333,1.0525590249912662,-3.8242475,4.060807254556748,-5.3123289511,1.981977627592409,-4.936135200000001,5.668860563045376,-6.114389066166667,5.017427356801413,-8.50890525,7.9042024060391505,hand_wash
-3.9705392229799994,1.2552337632469959,-3.9457947,4.163597180597948,-5.265458416522333,1.9379386511046441,-5.32173345,5.609647035615195,-5.926024782700001,5.233801913472696,-7.860454,7.900578665710515,hand_wash
