mean_x,std_x,median_x,rms_x,mean_y,std_y,median_y,rms_y,mean_z,std_z,median_z,rms_z,Activity
-0.4906676506466667,1.7718376328977574,-0.56462585,1.8356738940834065,-5.9206359912,5.490356601924033,-6.580914999999999,8.068300075265501,-0.3509621874866665,7.221233409937989,-0.53289185,7.217725799122191,hand_wash
-3.2334919129800004,1.6349525779679017,-3.55840025,3.6221029320553,-5.805810770466667,3.0194451516577336,-5.0864227,6.541719771048226,-7.587350036666667,3.1957165550265887,-8.386759999999999,8.230822733156334,hand_wash
-4.518851004,1.5462465448186253,-4.1529636,4.775240640965032,-4.912340736166667,2.6897290466568062,-4.7349535,5.598358543193743,-2.1860939922666667,6.919151888092886,-3.24824525,7.245280366143338,hand_wash
-4.243551490933333,1.4292857310333071,-4.11524235,4.4770277452198295,-5.3706237052,3.073618375528375,-4.7618975,6.185405279218215,-5.6836847102,5.401692642775262,-7.828720000000001,7.83487679209339,hand_wash
-4.81779734702,2.0794590512805193,-4.6684918500000006,5.246037303503688,-4.443363976513333,2.9112723015735225,-4.16853145,5.309495094040413,-1.8155165959666666,7.020371128507705,-2.86504225,7.239987978093723,hand_wash
-4.618212385666667,1.358590889387097,-4.3493555,4.813263163367953,-5.424751185313333,2.8412905637574,-5.2415004,6.1215968273560994,-1.3785293346400003,6.7683283565988415,0.41194336,6.896224399872283,hand_wash
