mean_x,std_x,median_x,rms_x,mean_y,std_y,median_y,rms_y,mean_z,std_z,median_z,rms_z,Activity
-4.240150560533333,2.3139275582741137,-4.02842285,4.828590890219949,-7.1607451101,4.754690140323638,-7.34313,8.591157776140742,-3.3424333637100005,6.320679058859202,-3.1967523,7.140705470054013,hand_wash
-4.142162333573333,2.6226723580758637,-3.7817359,4.900305200817889,-5.0583132127,4.665282086195331,-5.308561,6.875961022170249,-3.7838195030800006,6.947861815472746,-4.176315349999999,7.9012128536976185,hand_wash
-3.5388489286999993,2.376577793232677,-3.3458422,4.260604026906305,-6.041991596166667,3.9329606641852077,-6.556964799999999,7.20571172304004,-7.69284267,4.89706718611845,-7.8299173500000006,9.114886604559578,hand_wash
-5.673334228933333,2.492065933198752,-5.8372614,6.194869859801601,-6.946087539886666,6.4617488279423,-5.7528369,9.479617574958626,0.8157995405166666,3.294798673053866,1.5172449000000001,3.3889587671257084,hand_wash
-3.92155708495,1.9822615739503384,-3.59971425,4.392592975482297,-7.2271790099999995,3.094518422574113,-7.25152035,7.8597862924303685,-6.030331882083334,4.554705193285404,-7.2018235,7.552555254646333,hand_wash
-3.316551206963333,1.6892829815088426,-3.28237425,3.72070915866675,-6.5982309375,2.5752109661305713,-6.49349675,7.0814022142224315,-7.3609887505666665,3.5139209943626346,-7.4299493000000005,8.15417913330803,hand_wash
-5.216464297233333,2.250990929193818,-5.034331,5.679926941467809,-6.389640704137666,4.844019343521731,-5.5821916,8.013352397741176,-0.4961881858633334,4.852511820626483,0.10298584,4.869762223683242,hand_wash
-3.562511714226667,1.9753821138811094,-3.3212933500000004,4.071930389245067,-4.065689371763333,3.4788192165785423,-4.42419975,5.347118158301099,-9.018833220906666,3.7735599492624194,-9.7585075,9.77402892916929,hand_wash
