mean_x,std_x,median_x,rms_x,mean_y,std_y,median_y,rms_y,mean_z,std_z,median_z,rms_z,Activity
-4.616823283133334,1.8240145136296033,-4.4493475,4.962962429550223,-7.4819492115666675,8.331573468325988,-7.282057,11.187640356261438,0.18506313863399995,4.838734192096545,0.62210632,4.834206496600318,hand_wash
-3.0517458548799996,2.772875188493725,-2.7890002000000003,4.120237871495386,-6.317750144343333,5.002542977619227,-6.57432865,8.053321365031195,-6.8215864612666675,5.98841719842767,-7.460485950000001,9.070592332136835,hand_wash
-3.134845046553333,2.2817827432661337,-2.7710375999999997,3.875103978614707,-4.800972334108666,3.988892639843793,-4.27510975,6.237592668391345,-6.174432195526667,6.199800075768831,-8.711883499999999,8.742597374163344,hand_wash
-4.650928334276667,2.6125047383201228,-4.233197,5.332313266769262,-7.091616920417667,4.892632021936482,-6.52044085,8.610986344259612,-4.0892802914083335,5.163169552307659,-3.4841547,6.579640724347436,hand_wash
-5.5628919015,2.478068151804176,-5.47501475,6.088195025364838,-6.28039185842,3.4570522211192514,-5.6199133,7.1662189882802645,-0.36963534459999986,4.890320885936754,0.58019349,4.896136353716269,hand_wash
-3.9925334781999995,1.912571830909169,-3.7709582,4.4256142488443055,-5.55429778625,4.313464549599994,-5.76361475,7.028099344602021,-6.150450070473333,5.176442196034617,-7.4299493,8.033322560782484,hand_wash
-3.8143041122333328,1.8975234913716645,-3.5434314000000002,4.258815478068959,-5.421921070843333,4.99874877460702,-5.61392585,7.3689501137578155,-6.989134021373332,4.871188295231984,-8.2089295,8.514539027939088,hand_wash
-4.650010259689999,2.26613838396046,-4.552932,5.1711566062694,-6.2593795639000005,2.5734413478623748,-6.111491,6.766118352592351,-3.5693814356866667,5.473592623074974,-4.247567200000001,6.5269313348204285,hand_wash
