mean_x,std_x,median_x,rms_x,mean_y,std_y,median_y,rms_y,mean_z,std_z,median_z,rms_z,Activity
-2.91532155699,2.023269218536978,-2.8889923,3.5466988477870847,-5.654078275021667,6.580126466307456,-6.174360549999999,8.667314380569671,-2.559449593853999,7.95992003865511,-2.0998335,8.348647085318074,hand_wash
-3.087551411036667,2.6062684223235353,-2.8165430000000002,4.037693238475567,-6.4470732371,3.784268868640226,-6.53900185,7.472463352767732,-5.4015873575999995,5.862651235222492,-6.204298,7.964499768093024,hand_wash
-3.9424336720333333,1.9259763547583002,-3.7170704,4.386320047724897,-5.478443530716667,4.403612545977896,-5.0097819999999995,7.0242798655445755,-5.9000148656933336,5.554920200110895,-7.63053225,8.097188198189773,hand_wash
-4.8566166097,2.5416501906697464,-4.723577150000001,5.479523455530268,-4.9983059825666665,3.5510055492020247,-4.88584,6.127860227773131,-4.7056146174833335,6.393726662057088,-6.7024622,7.930087247645861,hand_wash
-3.658049049133333,2.1339087847436544,-3.575764,4.233167961680638,-5.058588599567666,4.1273726841183445,-5.3708312,6.524395747937393,-8.493465735866666,4.117433416341584,-8.69691475,9.435873424572527,hand_wash
-5.351331855333334,2.0713560952132695,-5.1558782999999995,5.73698239310864,-6.877031151866667,3.7592254840958095,-6.40128855,7.834425810690853,-0.8175758275643336,4.539834886523487,-0.28740233,4.605413194787586,hand_wash
-3.7522771049666668,1.933412371376039,-3.7170704,4.219621617189664,-5.307798398913333,3.7574922294119992,-5.82049625,6.499569924598975,-7.5939283752,3.9394314114582696,-8.3131135,8.551908419397773,hand_wash
-4.625868458299999,1.8877917239423738,-4.333189300000001,4.995051290477759,-4.617034833646667,2.7005608654508166,-4.316424,5.346562404618924,-5.0488288827000005,6.192869749097501,-7.69459895,7.982134428228351,hand_wash
-5.055946104333334,2.2135203939600907,-5.012775749999999,5.517783187351515,-6.87983331817,4.364987758117015,-6.1228675,8.143814476064133,-1.4721306768576667,5.032960657840244,-0.84005307,5.235783233656185,hand_wash
