mean_x,std_x,median_x,rms_x,mean_y,std_y,median_y,rms_y,mean_z,std_z,median_z,rms_z,Activity
-3.238473562353333,1.925292224912611,-3.15364195,3.7659136117989673,-6.118660179820001,4.848322846285273,-6.03544915,7.801658971218065,-2.0608025565233326,6.8601966106786305,-3.56678285,7.152085736973225,hand_wash
-2.6452631434,1.3497426240130137,-2.85965325,2.9686949262379687,-4.223956236733334,1.7960784706600057,-4.05536695,4.5887853697571845,-9.405541109333333,1.4594473540669148,-9.4064395,9.517725052941376,hand_wash
-4.329301181793333,1.7657085964590964,-4.04937935,4.674417947451997,-4.2209425022666665,2.846334607232587,-4.36372575,5.088317099144862,-5.707918311479999,6.08401103150599,-8.2771875,8.334994763920191,hand_wash
-4.55163481946,2.3264591468854032,-5.46184205,5.10996578442299,-4.9412725657,2.6311813863564146,-4.90260505,5.59608908120855,-3.3978940098333332,6.55380250476182,-5.1067805,7.37257326509852,hand_wash
-4.339136724133334,2.230681842054847,-4.09488475,4.8772392313268975,-4.170842686735667,2.7075319088292726,-4.228407000000001,4.970132995339995,-4.186721679933333,6.891815568058393,-7.5497005,8.054032313688717,hand_wash
-3.2456027466666666,1.128650782827159,-3.27938055,3.435628560168864,-4.381524576513334,2.763654925549076,-4.1852965,5.177845774735246,-9.089873501729,2.5288217558731683,-9.208251,9.433950566199854,hand_wash
