mean_x,std_x,median_x,rms_x,mean_y,std_y,median_y,rms_y,mean_z,std_z,median_z,rms_z,Activity
-1.8354711192676667,1.6482406422023634,-1.9088306,2.4650752091754393,-5.960077948666666,5.660297665875334,-6.0126965000000006,8.213081166952026,-1.4532579171000004,7.344014377769454,-1.99086,7.474404587026448,hand_wash
-2.877356502241,1.7278309264179808,-3.21112235,3.354791918868793,-6.487229729833333,2.8714407681397156,-5.92527825,7.092378849555237,-6.872528514966666,3.439396073001601,-7.66526,7.682555697911915,hand_wash
-5.268396300333333,1.4243913315109122,-4.9942145,5.456933871118937,-4.341867059616667,2.548799017177221,-3.7511994,5.032547208447027,-1.7251804646000004,6.5783356745275325,-2.5644672,6.790176694905901,hand_wash
-3.755139160333333,0.9616459154056121,-3.7464093,3.875919302203867,-5.133069711,2.1121738377619663,-5.0349297,5.549307348775639,-8.127375047333333,2.0572738346876935,-8.417895000000001,8.382869011987333,hand_wash
-4.640785415566667,1.7172547186871232,-4.4122246999999994,4.947324849144228,-4.6452681287,3.3119069988393255,-4.47928515,5.701813880679876,-4.478782323270001,6.2941606120714555,-7.1078193,7.716469014414499,hand_wash
-4.848090361,1.458781604806387,-4.708608399999999,5.062107312148522,-4.576630857033333,2.4760640137692476,-4.175117950000001,5.201538877277742,-4.616467996133333,6.078334692346237,-7.1251831,7.624616419820469,hand_wash
