mean_x,std_x,median_x,rms_x,mean_y,std_y,median_y,rms_y,mean_z,std_z,median_z,rms_z,Activity
-0.9072773059486665,1.4859541632023134,-1.045426,1.7389225646294022,-6.2987257303333335,5.390766760269482,-7.70777155,8.284771825587237,1.91646272462,6.148455379925525,3.52008,6.430421545689154,hand_wash
-1.0744017715846668,1.6241429602740338,-0.977167975,1.9450929851827856,-8.437118903333333,2.8426316130987295,-8.131689999999999,8.9016062985928,-3.180522081956666,5.759354183046285,-3.8272412,6.570792503006579,hand_wash
-4.039918951173334,1.457995900721359,-4.18230275,4.29413685604158,-6.082271851800001,1.4472521127597588,-6.06059695,6.25152683442159,-7.424472698333332,1.625375555526384,-7.4604859,7.5997259419322525,hand_wash
-4.778642770666667,0.9613045133078851,-4.7858477,4.8740591648433265,-5.428655053666667,2.5803320032759878,-5.4438794,6.008844749867245,-3.1153855203800003,6.023824696582017,-6.4551763,6.7728233430252445,hand_wash
-4.218846863333333,1.1525543607217785,-4.1655377,4.372942084245064,-6.440083762333334,1.953166245125921,-6.43601625,6.728805321330458,-5.912265410653334,3.472778050783522,-6.45817,6.853821492523589,hand_wash
-4.680822165333333,1.1587663651434865,-4.72956465,4.8216553002228455,-5.7735777915,2.538893064399208,-5.95222215,6.30544938237143,-2.898093381533333,5.787923825346358,-4.78644665,6.46431284685949,hand_wash
