mean_x,std_x,median_x,rms_x,mean_y,std_y,median_y,rms_y,mean_z,std_z,median_z,rms_z,Activity
-0.09852710770566667,2.0200943589016433,-0.11436218000000001,2.0191300616246086,-6.385872527966667,5.684225725577873,-7.293433,8.5429554977047,-0.8217312281333329,7.041467220615881,-1.78009825,7.077586356112804,hand_wash
-4.34355553219,0.9973585099067365,-4.416416,4.456218454232706,-4.5457630407,1.4529902926850442,-4.48048285,4.7715935643691365,-8.720900810666665,1.6009515573131055,-8.8088815,8.866149860680991,hand_wash
-5.315817713333334,1.2871029765155404,-5.288203,5.468914875911834,-5.472843152109999,3.8216735831511968,-5.16665605,6.671470391188076,1.744484320862334,4.526443270995991,2.357298,4.843925949302651,hand_wash
-4.702014111,1.0576152769359455,-4.754113500000001,4.819103471996085,-4.873609284733333,2.467205206226156,-4.57987625,5.460666502491826,-5.510189490320001,5.449965510018076,-8.118517,7.743726828822041,hand_wash
-4.755606681,1.3704491918705892,-4.4421625,4.948501334267335,-4.94817419128,3.082768202736938,-4.5954438500000006,5.827195673713849,-3.726343031366667,6.12208496216692,-6.534810800000001,7.158255624833375,hand_wash
-4.274291561,1.1478700312440204,-4.24636965,4.425243715138019,-6.517534718533333,3.0474457554123724,-5.91270445,7.192650973090126,-4.261749646813333,4.699300126582965,-5.293592,6.338163797679675,hand_wash
