mean_x,std_x,median_x,rms_x,mean_y,std_y,median_y,rms_y,mean_z,std_z,median_z,rms_z,Activity
-1.6392112362633335,1.552858935949538,-1.4645545000000002,2.256179613668595,-6.1894729286,5.7967596299043676,-7.227570050000001,8.473487432382157,0.9896939162766664,6.3767200392813335,1.65555725,6.442554667657541,hand_wash
-3.6554823911666667,1.6257310584218168,-4.0607556,3.9995928519703723,-5.7168397683,1.8106927612294619,-5.5516553,5.995826591699703,-7.981019366666666,1.869467141608561,-7.9394895,8.196336244527224,hand_wash
-4.858648382999999,0.9113162925550318,-4.8822471499999995,4.943095504851979,-6.131661156333333,1.8573850457535983,-6.1779530000000005,6.405907285226308,-3.5210219862833334,5.0857788566279,-5.7755896,6.178715501716541,hand_wash
-4.843563758566667,1.0920410271502465,-4.8427295,4.964744536186787,-4.593855036666667,3.0461346072982867,-4.7642925,5.509220485410681,-2.454008850733334,6.557831455981984,-5.67559775,6.991706682434133,hand_wash
-5.03081038,0.8628948651755097,-5.1001943,5.104033568597244,-4.781524776566666,2.6761172246427605,-4.8774574,5.477290441232522,-0.3291236050999998,6.543818730815164,2.8716284,6.541188529917854,hand_wash
