mean_x,std_x,median_x,rms_x,mean_y,std_y,median_y,rms_y,mean_z,std_z,median_z,rms_z,Activity
-3.206180724116667,2.4049108082108623,-3.3153058499999997,4.005485261217239,-5.8567248947,5.213165952601524,-7.02938215,7.835032572410357,-4.405977722933334,7.505567648385499,-5.29778315,8.69243389009819,hand_wash
-4.0942100589,2.056489351897675,-3.97513365,4.580131799342849,-5.295292378965333,4.113730369880644,-5.315746,6.7012304598697705,-6.681182423499999,4.890982750791246,-7.9592485,8.275274726782653,hand_wash
-4.831265347233333,1.998568334090149,-4.48706915,5.22705327982399,-4.348952315246667,2.634862985974473,-4.0332129000000005,5.082592598136454,-3.4263827844133328,6.796194379822267,-7.1150043499999995,7.600947057669245,hand_wash
-3.5565241643033336,1.8982352192859187,-3.5667828,4.02990695788193,-4.613558053638667,3.0233801856068503,-5.02055985,5.513191111796498,-8.997625320666666,2.776523799733335,-9.123228000000001,9.414916296683293,hand_wash
-4.968711513666666,1.8433344840782129,-4.776267799999999,5.2985516750178965,-5.645791525133333,4.38462277824445,-5.2241365,7.143934195974172,-0.8867080858999998,5.9692343204957,1.6555572500000002,6.02488481837406,hand_wash
-4.084598038666666,1.498839196538015,-4.1266186000000005,4.3500542155358675,-5.95334795562,3.611273458024219,-5.200785,6.959897763809916,-4.033600072813333,5.943195419836225,-4.948709,7.174521780098015,hand_wash
-4.198509161733333,1.6521387324282792,-4.0386018,4.510869431832902,-5.506736674143334,2.419994858401146,-5.707331699999999,6.013401920931352,-5.630219904666668,5.146487028351541,-7.474257,7.622166171466751,hand_wash
-4.803263569333334,1.6378609975506584,-4.53916075,5.073951872221964,-5.879026483733333,3.2670511795465047,-5.23790765,6.723168677157734,-1.23838475177,5.680735998468115,0.187410285,5.804893545342611,hand_wash
