mean_x,std_x,median_x,rms_x,mean_y,std_y,median_y,rms_y,mean_z,std_z,median_z,rms_z,Activity
-0.3366319693290001,1.5686639281899089,-0.3448828,1.6018193553934748,-5.613430828931,6.485909106302767,-6.059998350000001,8.56956237019313,-1.1383926988,7.407537155733371,-2.2315594,7.482288372853569,hand_wash
-3.182206570763334,1.9395750265919407,-3.4931360500000004,3.7250302153373016,-3.307406219166667,2.4505560405347055,-3.42427925,4.113896375703226,-9.708954174,2.057898107078536,-9.7094095,9.92394172140716,hand_wash
-4.894645530766667,2.092312369389021,-4.4325823,5.321722780527192,-4.625313588533333,2.640646753395169,-3.68892885,5.323842379732282,-2.9413913406899996,6.29161728186673,-4.26373335,6.935725115696168,hand_wash
-3.0781509486276666,1.609621311135961,-3.0895753,3.4723562257612497,-4.170032381233333,2.8543339188946675,-4.187093,5.050666765291354,-9.108035715966667,2.786725515363861,-9.436975499999999,9.523458802923328,hand_wash
-4.586314700066667,2.1863784159408173,-3.95537485,5.079232120817789,-4.537560095283334,2.90358667482246,-4.5247908500000005,5.38443724802511,-2.748340814635667,6.845869491887509,-2.83809805,7.366348251995817,hand_wash
-4.264811276033333,1.6090591485398873,-4.15056885,4.557308013056535,-5.092178774653333,3.54505357246028,-4.503235350000001,6.201273913899032,-3.5253050819466663,6.408317902824789,-5.00618965,7.3046167458202875,hand_wash
