mean_x,std_x,median_x,rms_x,mean_y,std_y,median_y,rms_y,mean_z,std_z,median_z,rms_z,Activity
-2.728306448769333,2.2119278060215826,-2.645299,3.509981759029184,-5.517873529913333,5.990256179869882,-5.745053,8.136982661215354,-3.7195291766466667,7.516442877272796,-4.38528085,8.375170910383845,hand_wash
-3.236809021383333,2.7415019316881297,-3.02790345,4.23883388518825,-7.4574162151,4.771943094600104,-7.53533,8.849214241973373,-1.699753349729,7.047372320742877,-0.419128415,7.238029189979631,hand_wash
-2.743985859196667,2.3091843743428875,-2.3992108500000002,3.5838549675730818,-8.497876606366667,5.81476959646746,-8.42029,10.291391894467088,-4.44287299597,5.629888163971718,-3.9727386,7.164433617624786,hand_wash
-2.7933312330633333,2.495047877607075,-2.22257805,3.742621061429212,-5.8087446497799995,4.559804705415286,-5.87378525,7.379974748920445,-2.9109945559133332,7.003573295618236,-2.242337,7.573666752766694,hand_wash
-3.13980273974,2.6355091687963736,-2.6830206,4.096476143552228,-5.925753322181,3.6257503133842657,-6.1935205,6.943831618966715,-6.687680911536667,5.538678931908354,-8.042475750000001,8.677544798939088,hand_wash
-4.759706129033333,2.3173112414067094,-4.6930405,5.292148340041961,-6.62249642159,4.448542265294483,-5.4193305,7.973770879941101,-1.550423882243333,5.307090609152634,-0.879570935,5.520429413787244,hand_wash
-4.20904725038,1.9723773551579784,-4.01046015,4.646868150948653,-5.856513320133334,3.2854130680445888,-5.8222926,6.712429329223391,-5.7908259377,5.177355343917462,-7.2096077,7.762043762442498,hand_wash
