mean_x,std_x,median_x,rms_x,mean_y,std_y,median_y,rms_y,mean_z,std_z,median_z,rms_z,Activity
-0.24834357169433327,1.607376509335116,-0.24249573,1.623798501935621,-6.100070815043334,5.653039320658463,-7.00004335,8.310306532508358,-0.39271135601000007,6.6439737766369324,-1.49868345,6.644506637965151,hand_wash
-2.3838467610933334,2.4002118668780144,-3.5679802499999997,3.3800205615140184,-6.494506603,2.045003060410473,-6.1450214,6.807842052254285,-6.563710682233334,3.2023991973702715,-7.49042365,7.300922818656831,hand_wash
-4.487552087333333,1.0460302461250732,-4.2709187,4.607456537840107,-5.19930002893,2.1518571696756457,-5.0654664,5.6256355290094735,-4.434191032666666,5.858612194459127,-7.644902500000001,7.339684995722214,hand_wash
-4.625225796533334,1.1297657949425435,-4.5487408,4.760759377574986,-4.570846877786667,3.11637532422171,-4.583468699999999,5.52920099933544,-1.3857543337956668,6.814821407459045,-3.17160465,6.943147695376379,hand_wash
-4.338633747333334,1.123309868055903,-4.226012000000001,4.481223244789218,-5.285129543633334,3.377210225265885,-6.139033700000001,6.268981153447042,-3.2055939326,5.851593328571623,-5.7276892,6.663545587405344,hand_wash
-4.557043555333334,1.0871378761872506,-4.543352,4.68450372659757,-5.092422267093333,2.1380561754491185,-5.24150015,5.521667424042565,-5.068324365756666,5.55682057980147,-7.3533086999999995,7.5142025069935094,hand_wash
