mean_x,std_x,median_x,rms_x,mean_y,std_y,median_y,rms_y,mean_z,std_z,median_z,rms_z,Activity
-3.3681558912453333,1.7072547089474492,-3.1302905,3.774847946626434,-5.550761122466,5.296766354588219,-5.39837415,7.66636574532293,-2.4736280618166666,7.1080499398298596,-3.94519595,7.5149714008436845,hand_wash
-3.778837863333333,1.610696866644215,-3.50151855,4.106739847972484,-6.259611056129999,2.866500111976296,-6.0941272,6.882743933660847,-5.270615683226666,4.976934528053027,-6.8731072,7.243390139923861,hand_wash
-3.6292050305999997,1.3966980101537614,-3.6871324999999997,3.8878518406177207,-5.7579781774,2.725743009891113,-5.5803955,6.368612255758574,-6.918484921687667,4.220894580464285,-8.162227000000001,8.100740593765552,hand_wash
-4.031292879166666,1.9387158246118275,-3.9164556,4.471846665087947,-4.7535549036,3.0307340248284897,-4.5116181,5.6348039115567445,-4.839560090649999,6.448877928374782,-7.21978635,8.05423749655886,hand_wash
-3.8681800790666663,1.8486146060379631,-3.7506005499999997,4.285884019958959,-5.56900718442,2.5933585746037147,-5.6815850999999995,6.141411185897799,-5.978599465666666,5.322573133809707,-7.39402415,7.998687624838223,hand_wash
-4.4060216376,1.6002697334334612,-4.31343,4.686720994470453,-5.8808946121,2.5682397407594286,-5.334906,6.415511719269904,-2.8138285914666668,6.109203929266192,-4.1373963499999995,6.716814429674646,hand_wash
-4.52146954432,1.5959744922874075,-4.614005049999999,4.793989045841182,-6.2062220842,3.0230601595163016,-6.389313400000001,6.901131958650431,0.37492035668000007,5.193408614538379,1.6052618,5.198283691241047,hand_wash
