mean_x,std_x,median_x,rms_x,mean_y,std_y,median_y,rms_y,mean_z,std_z,median_z,rms_z,Activity
-3.6052348794633335,2.205666229672914,-3.7254529,4.224507723719154,-5.972691749086667,5.437408841584276,-6.22764965,8.070929949956923,-4.293591422813334,7.458763933081673,-5.6953563,8.595501314687704,hand_wash
-3.7327816388133335,2.997128455165263,-3.2847693,4.7839831880174986,-7.147245234233334,3.0489050035791205,-6.983877,7.768394305563928,-4.0923778592949995,6.114555492638569,-4.608017500000001,7.3491985585433675,hand_wash
-3.55838830586,2.2837912991357268,-3.50930225,4.226161894394159,-5.5496873829833335,3.6280607165942866,-6.0103016,6.627064095831682,-7.788775156366667,4.917471642456317,-8.928034,9.206842059013255,hand_wash
-4.0984093223333335,1.7514582621503039,-3.8835241,4.455820874312964,-5.738694288376667,4.136722017052803,-5.45765065,7.070222034584804,-5.086115355206667,5.642660282183602,-6.74138125,7.5896015980024245,hand_wash
-4.2938389148,1.969841147744043,-3.8954992,4.722752642944429,-4.935185240503333,3.1995922361204174,-4.693041,5.878717479229564,-5.598557724766667,5.706400697514803,-7.4491093,7.987384688061122,hand_wash
