mean_x,std_x,median_x,rms_x,mean_y,std_y,median_y,rms_y,mean_z,std_z,median_z,rms_z,Activity
-1.2960528471200001,2.0837316230235636,-1.42204285,2.4509625322296635,-6.0192788257,5.594740904368308,-6.6868944,8.21148624078343,-0.7637996745633332,6.793866517434694,-1.6603473,6.825405247460464,hand_wash
-4.0406933163,1.1412728950132627,-4.0332128,4.198257331069699,-5.480730757473334,1.776935250530047,-5.5444700000000005,5.760675613520395,-7.516501349133334,3.442419669932973,-8.26162,8.264898358208539,hand_wash
-4.644609486999999,1.516235096803848,-4.4918592,4.8850489174569764,-4.529037813337666,2.7616515973335534,-4.29307245,5.302214693994754,-4.33417503543,6.2992369540790465,-7.5449102,7.637616872255873,hand_wash
-4.595647303,1.5811147036570172,-4.166735149999999,4.859173258968154,-4.4887975008,2.625351186381179,-3.9134618,5.1979608462212,-4.143016549523334,6.492815284844876,-7.7047778000000005,7.69290025185533,hand_wash
-4.337847402011667,1.709802507708422,-4.2074503,4.661609158840699,-4.629353217773333,2.3670498918503693,-4.6397517,5.197610988532661,-6.280447705197665,5.658324564272418,-8.059241,8.447126027795239,hand_wash
-4.429804164276667,1.8362263091706368,-4.2146356,4.794126917608497,-5.23407968201,2.4843736998264214,-4.987628,5.791988353673071,-5.6656182873046665,5.302945631585575,-7.44731305,7.7541424740428315,hand_wash
