mean_x,std_x,median_x,rms_x,mean_y,std_y,median_y,rms_y,mean_z,std_z,median_z,rms_z,Activity
-2.904316446862,2.4580557302008788,-2.6375153,3.802229854928629,-5.438019580386667,4.900390872109106,-5.57500675,7.314768728660362,-4.338466144020668,7.438372852207812,-5.9749748,8.600421377408253,hand_wash
-3.3537458642266667,2.1471210344424843,-3.1590308,3.9802478519024853,-5.196936906993334,3.3569494402600677,-4.90799375,6.183825600811383,-4.427293393433334,6.803348511522706,-7.260501850000001,8.107539243869203,hand_wash
-2.9875234165266664,2.176173778908531,-2.92312135,3.693946765441742,-4.639112909033333,3.5861194516326824,-4.77087875,5.859927797769079,-2.3511427732,7.566281904271438,-4.7499225,7.911110254279083,hand_wash
-1.9073416556300002,1.5587723221548841,-1.8489551,2.4616303756744498,-4.559965497883333,3.033112305482285,-4.40563845,5.473791163233721,-9.772533927333335,2.0928437449366957,-9.812993500000001,9.993388530346751,hand_wash
-2.88037423646,1.9819070378762265,-2.5572821,3.494483948142162,-5.278243833216667,4.438585667928585,-5.4049604,6.8916783552333865,-0.32557100170000053,6.8985140206493964,3.0075458,6.894698000488054,hand_wash
-2.3366728671700003,2.0625591374019514,-2.271676,3.1144838710126304,-5.425341952666667,3.106831954020038,-4.78045895,6.249365200662374,-5.9301960912,6.1793143334107254,-8.3041315,8.557094808349113,hand_wash
