mean_x,std_x,median_x,rms_x,mean_y,std_y,median_y,rms_y,mean_z,std_z,median_z,rms_z,Activity
-2.483335868846667,1.8280782675467568,-2.5009990999999996,3.081831861507523,-6.1298289819,5.724852373921484,-6.8976562999999995,8.380900405178727,0.21241828686666697,6.67058183921272,1.101709,6.662841840785195,hand_wash
-2.7899063561866666,1.527764500221917,-2.8291168,3.179600860150316,-6.9331664174666665,3.3490565973031856,-6.755152649999999,7.6972455721026884,-7.015088045893334,3.34898151083703,-7.4083941,7.771084342679002,hand_wash
-4.267122490466666,0.9720968807855459,-4.157155299999999,4.376089211437612,-5.941935701333334,1.9782404404303204,-5.86061285,6.261548557250016,-7.165347598,3.030590535515105,-7.5413178,7.7779219759610765,hand_wash
-4.878694693096667,1.7960690541509545,-4.8618895,5.197766162071038,-5.418847456531333,4.5540385915179495,-4.575086000000001,7.073474701909058,4.489192685843333,2.2134979947402336,4.4080335,5.003607941486415,hand_wash
-4.250884255333333,1.2033477365586036,-4.359534350000001,4.417378850412456,-6.3086131668,2.4793464191905055,-6.3048887,6.7768184442101775,-4.515765404183333,4.940842656576006,-6.600075,6.687502542464562,hand_wash
-4.629049842333334,0.8652852874996043,-4.54454965,4.708962236290177,-6.015119524,2.5221450591165637,-5.9103093,6.520864554252092,-3.7942857383866673,5.5279882301402345,-6.5156505,6.697267797954492,hand_wash
