mean_x,std_x,median_x,rms_x,mean_y,std_y,median_y,rms_y,mean_z,std_z,median_z,rms_z,Activity
-3.1249815649689996,1.5262230583662701,-3.3129108,3.476650986587336,-5.9781164489766665,5.601260540638791,-6.316864000000001,8.185805734491188,-0.7706613898999998,6.688938984404349,-0.71670962,6.72210413728543,hand_wash
-4.203562646,0.9095817190742236,-4.29666495,4.3005255523220605,-5.227086219666667,1.5099861762242461,-5.12893435,5.440118418384186,-8.293158314000001,1.6492883706357984,-8.359816,8.45503162482653,hand_wash
-4.848234043666666,1.3383194174935953,-4.660708,5.028966283031206,-5.064963351166667,2.1666873905426036,-4.866081,5.507516640873937,-5.176008417233334,5.343745775575083,-7.3497162,7.433135048744031,hand_wash
-4.871298077,1.5449019201921406,-4.84991455,5.109629258389224,-5.135720213633334,2.7119114884136604,-4.80500795,5.805649933812353,-3.045973849853333,6.345417037206633,-5.44507695,7.0290866888102155,hand_wash
-4.148904314999999,0.917583441103188,-4.1212299,4.2488304102628565,-5.238262977933333,1.62310434404222,-5.2211428,5.4831637927930705,-8.244990442666667,1.63274604549785,-8.084987,8.404572615542282,hand_wash
-4.960452695333333,1.1896372671254396,-4.8786548,5.100648028817741,-5.459810247033333,2.404606397377237,-5.504353500000001,5.964259055979212,-2.082669073733334,6.051447141367368,-2.9788056000000003,6.390262613312486,hand_wash
