mean_x,std_x,median_x,rms_x,mean_y,std_y,median_y,rms_y,mean_z,std_z,median_z,rms_z,Activity
-1.5782061051073333,1.3697728412272063,-1.54418885,2.0882427751516746,-4.792310326873333,4.735858826110107,-5.80313235,6.732000883380238,-1.192033152400001,7.455978812390058,-3.95178225,7.5383856154392115,hand_wash
-3.9676532300000003,1.0059648804007189,-4.076922,4.092781972732858,-5.3687875536666665,1.409334675065022,-5.14749575,5.550088582655741,-6.929541955366667,4.033603480920157,-8.383766,8.014628847447675,hand_wash
-4.331803960999999,0.8929207212369532,-4.235592,4.422575638648618,-5.241919387433334,1.9901697957184143,-4.8145881500000005,5.605826620052273,-5.6076029219166665,5.2443624304329655,-8.327483,7.67182312365316,hand_wash
-4.740462160333333,1.2083674271043008,-4.7104045,4.891550486261237,-4.649874544766667,2.775605458794891,-4.4643164,5.412914094344318,-2.3792523140916666,6.556804933712479,-4.9475117,6.964856558207381,hand_wash
-4.256835875666667,1.0261939768445483,-4.08111335,4.378380465828408,-5.339300868026666,2.213554996657809,-5.0427136,5.778548842930057,-4.475002187233333,5.855669282738729,-7.28864315,7.362079265763873,hand_wash
-4.725122070333334,1.1705814547898565,-4.76189765,4.8674913441499585,-4.2038141264,2.8373845999564447,-3.9930963,5.069119128556422,-1.8976617833333338,7.029667045979481,-5.347479699999999,7.269980625283396,hand_wash
-4.515693553666667,0.9977692666617728,-4.36073175,4.624252729010005,-5.998498044233333,2.276861980100635,-5.93725315,6.41473295844632,-4.246800712686667,4.926279306679407,-6.032455349999999,6.49789581387716,hand_wash
