mean_x,std_x,median_x,rms_x,mean_y,std_y,median_y,rms_y,mean_z,std_z,median_z,rms_z,Activity
-2.995874051635333,2.1177945083588297,-3.0674212499999998,3.6667921585901135,-4.770100518252,5.89186210290764,-4.653523,7.573122508611733,-3.8994630317666665,7.8658680132100915,-6.679709450000001,8.767636622185346,hand_wash
-4.203802153513334,2.2412061323475845,-4.1846979,4.762164856847865,-5.478579229,5.326076708971054,-5.04989865,7.634616329668529,-1.7264099141666664,6.886748635746039,1.0520123,7.088702768568426,hand_wash
-3.9850849623999998,1.6136386243953187,-3.85418525,4.298377872599525,-5.548090678626666,4.191518147961725,-4.958289150000001,6.949213755167388,-4.65655265058,5.871250869388613,-6.594087699999999,7.485997867330882,hand_wash
-4.632362965034667,1.9959543977727463,-4.445755,5.0427513473585535,-5.926280232066666,3.8004389222065638,-5.1876124,7.036759832271431,-3.007609633983333,5.930819487169733,-3.4170941,6.641015492166112,hand_wash
-3.87305794563,1.810623683226463,-3.66378105,4.27410904307093,-4.677820413666667,3.3251730624864524,-4.58346875,5.736019856865082,-7.477454565483334,4.998842559056189,-8.478968,8.989853110739066,hand_wash
-4.041807023833333,1.6746116171823078,-3.9398071,4.373920477033818,-5.661514811966666,3.3629932920083885,-5.3989727,6.582155784285601,-6.766636683631,4.798740213792057,-8.5927315,8.290869674261815,hand_wash
