mean_x,std_x,median_x,rms_x,mean_y,std_y,median_y,rms_y,mean_z,std_z,median_z,rms_z,Activity
-0.66677343513,2.0819366288793053,-0.630488885,2.182796083018786,-5.5430332103,6.6534516270686215,-6.756350250000001,8.651362570662013,1.04185346412,6.866566408729332,1.5537689000000001,6.933832064981859,hand_wash
-0.7705815636866666,2.7703583902096804,-0.20297790500000001,2.8710796931581233,-7.358150659066667,2.9708097638306996,-7.3113958,7.933389738244648,-6.015071585053334,3.646308874421163,-6.7090485,7.0308133256145835,hand_wash
-4.105302969333334,0.8556349902433328,-4.07452675,4.193230656159683,-6.016237163333333,1.4360772259420342,-5.81570625,6.184703146609349,-5.629541321886666,4.5271110740799925,-7.54431155,7.21929043532883,hand_wash
-4.23190371932,1.5091966710839546,-4.3074426500000005,4.4921143610737815,-5.607247692706667,3.0584091991073605,-5.0798366,6.384662399880787,-3.6038577386000004,6.329800578658381,-5.1474955,7.274655413220555,hand_wash
-4.1701720736666665,1.119047302677877,-4.1314085,4.317224544395918,-5.4832854727,2.074747950019397,-5.40855275,5.8614546005559784,-6.440135673333334,4.4264300304369675,-7.8179427,7.810462173429963,hand_wash
-4.0529598343333335,0.8791019802893382,-4.07752085,4.146893734209831,-6.1544816825,2.319629272015229,-6.17855165,6.575742478226518,-5.691532418656667,4.400749942270398,-7.28804445,7.189964255369987,hand_wash
-4.662851556,1.085781795280172,-4.6595104,4.787188841052431,-5.967207137433333,1.8144368065337206,-5.777385799999999,6.23608595270489,-5.617554213433333,4.140226113023559,-7.192842349999999,6.974327879224986,hand_wash
-4.590442126999999,0.6662783314859394,-4.581672149999999,4.63838398370531,-6.5316014682,2.1835133357849092,-6.819818,6.8857574595671345,-4.059945285537666,4.399395736804722,-5.2582655,5.981080417539826,hand_wash
-4.988673984,0.6322166268330728,-4.98762815,5.0284424681676345,-1.06339665326,2.372478866827048,0.199385375,2.5962870082344613,6.807212317333333,0.9879177517538769,7.210804899999999,6.878289594504653,hand_wash
