mean_x,std_x,median_x,rms_x,mean_y,std_y,median_y,rms_y,mean_z,std_z,median_z,rms_z,Activity
-2.0982247273933337,2.5923488187134147,-2.1537213499999996,3.3317290550908725,-6.5622776775533325,5.117986392695905,-6.38811585,8.31684798571044,-2.7095773901333335,7.971289244832415,-4.06614425,8.406631728412604,hand_wash
-3.3281151487043332,2.9588236332560016,-3.2698004,4.449921978129556,-5.641073331140001,3.4063591387549668,-5.5582417,6.586828774218374,-3.2831286879309998,7.270704849721559,-5.2109638,7.9665470874510165,hand_wash
-3.4705270076000003,1.3511147357613007,-3.5625916,3.723437081905422,-6.673678007433334,3.6645338036180686,-6.46415785,7.610651972822871,-2.64221348832,6.042197732971029,-3.642226,6.585419631076366,hand_wash
-3.840393872433333,1.8189707390349088,-3.42188415,4.248087898854081,-4.678015999333334,2.554006393783795,-4.74393475,5.327761179642802,-5.2135024834,6.441508135569692,-8.22629375,8.27860647179382,hand_wash
-3.2749297448666663,1.4946106955947358,-3.1548395,3.5988303324034803,-6.5152594635,3.4418943428862763,-6.74197985,7.365850511341299,-3.6643320056333337,5.948785323670026,-5.3798125,6.9783533672729945,hand_wash
-3.2734328554333336,1.6819134174827097,-3.0183233,3.678962620149748,-4.948174226933332,3.0776399507143264,-4.7122009,5.824493364585403,-4.609346827213334,6.597159223843487,-7.747888,8.038875105730632,hand_wash
-3.1094897841333333,1.491075513509927,-2.9476704,3.4474370021793233,-5.186135376466667,2.416450649299014,-5.19240225,5.719770080262698,-6.222615989366667,5.654498328787537,-8.349637000000001,8.401650032198946,hand_wash
