mean_x,std_x,median_x,rms_x,mean_y,std_y,median_y,rms_y,mean_z,std_z,median_z,rms_z,Activity
-2.5030868083576667,1.8628617039318691,-2.2920337,3.118353697982885,-6.0875887896566665,4.890123528927559,-6.07496715,7.803354046372017,-2.8958700092200003,6.975524046250797,-3.51349365,7.542002765251206,hand_wash
-3.292852470596667,1.675786230787396,-3.4620006500000002,3.6934774968097766,-4.789592000433333,2.7648581505904417,-5.1145641,5.528033163328384,-6.3472049250666664,5.98680280782982,-8.3622105,8.718333873382198,hand_wash
-4.099802420233333,1.7922577723127655,-4.2272095,4.473238258162859,-4.250022041723333,3.0474732298202643,-4.30025745,5.226741189752026,-4.780973907133333,6.8693587410463435,-7.91973085,8.359934651788192,hand_wash
-3.466231934698,1.8319231043037387,-3.14825315,3.919122301102865,-5.070431953099999,3.6773825401782023,-4.81698295,6.259979664237652,-4.682430837166667,6.438386292934051,-7.32277225,7.952345599991258,hand_wash
-4.491647559576666,1.619593888056682,-4.49844525,4.773807552377956,-6.255264116406666,3.5604195194342885,-6.163583,7.194627233558317,0.6128934749633336,5.006504056069309,2.04534665,5.0355904320029445,hand_wash
