mean_x,std_x,median_x,rms_x,mean_y,std_y,median_y,rms_y,mean_z,std_z,median_z,rms_z,Activity
-3.6049075540333333,1.8904440487215592,-3.336861,4.069056964310305,-6.690578870391334,6.561139969479519,-5.80552735,9.363167633215713,-0.6394781908500001,6.435896887550761,0.80712158,6.456905750791247,hand_wash
-3.7853722833956667,2.3362974261872402,-3.6536024,4.44624950963887,-5.632064061313333,3.519003657398391,-5.6498510500000005,6.637940522158802,-6.265343157946666,5.769300080080297,-6.92759415,8.510487582357639,hand_wash
-3.450556544123333,1.834503647934153,-3.37458255,3.9064723327270343,-5.004696669333333,2.0820577441667,-4.9996032,5.419179210967334,-8.474237697733333,3.5115644351827444,-8.9453985,9.170751644450066,hand_wash
-4.910029523933333,2.3792584642187578,-4.79123665,5.454391918077432,-7.2541948019,4.506682016408041,-6.78209675,8.53614810155056,-1.4922967570933334,5.122038680961393,-0.6795868,5.326798187122522,hand_wash
-5.9061940004733335,3.7689174239306498,-5.5420752,7.0028934727825565,-4.5933720546800005,5.568217566575435,-4.939727749999999,7.211155493068039,4.0320473122,2.1380216844517297,4.1613465000000005,4.562160138420663,hand_wash
-4.400812455883333,3.0019639973201784,-4.050576700000001,5.324368396369697,-7.266010255832666,4.668259554866089,-7.3509136999999996,8.632201929513235,-1.0683184214100003,5.364273167440498,0.171842645,5.4608435956113635,hand_wash
