mean_x,std_x,median_x,rms_x,mean_y,std_y,median_y,rms_y,mean_z,std_z,median_z,rms_z,Activity
-1.7447517764793334,1.770807856866775,-1.7208215,2.483841116614028,-7.337110424483334,5.399286393774041,-7.8891942,9.104301655326573,-0.5379133989643333,6.354102188929106,-0.45804748,6.366269190301427,hand_wash
-0.23797313243999998,1.4072046232570072,-0.22153931500000001,1.4248702797003951,-6.25851735,3.299527938917573,-6.308481499999999,7.072456039068019,-7.744902396933333,3.8995853745082423,-8.55022,8.668309524399323,hand_wash
-2.2148581681786665,1.8469940327570566,-2.94886775,2.8819459350118164,-4.9564969110999995,2.340907669900122,-4.64094925,5.479821546943331,-8.94140625769,2.3082425073881274,-9.21364,9.233578363400703,hand_wash
-3.987907088333333,1.3644565683589962,-3.66138605,4.214135601325709,-5.419681715,1.6317723337578942,-5.1744395999999995,5.659218606659312,-5.841221126583334,5.055165265164833,-8.227491,7.719415637743922,hand_wash
-4.309634072933333,1.64674879384613,-4.21463565,4.612557659331193,-5.0451924841333335,2.207480438867473,-4.7157935,5.505514858483089,-4.454995781666668,6.391118947870844,-7.33414865,7.781852873779405,hand_wash
-4.304109574,1.8997335384565832,-4.09787845,4.70343669923863,-5.14751568369,2.8994493993510164,-4.770879000000001,5.905565328047224,-3.351925641167333,6.515858346480864,-5.77199715,7.317806647396566,hand_wash
-4.043168192466666,1.946674937215371,-3.761977,4.485991588569841,-4.489967056833334,3.0987119445543483,-4.284091,5.452505219412568,-4.883943791802333,6.47809574226927,-7.82812145,8.104242448208126,hand_wash
-4.1245189983333335,1.3726650751374312,-4.053570499999999,4.346215098000364,-5.8473164326,2.478056537557048,-5.98036385,6.349126274714664,-4.2201122243333336,5.6998149457762,-5.30496825,7.084415616972776,hand_wash
