mean_x,std_x,median_x,rms_x,mean_y,std_y,median_y,rms_y,mean_z,std_z,median_z,rms_z,Activity
-2.156272010372333,2.0453148524086284,-2.0794756999999997,2.9696594841912196,-5.2351813667460005,5.7014348752173545,-5.4881870500000005,7.73337759629957,-2.7872718375000005,7.6860397680469585,-3.7583844,8.16377206041423,hand_wash
-3.003442311,1.5321132503221588,-3.038681,3.370491382169427,-4.965913326466666,3.4902614013362037,-4.775070299999999,6.066433334352051,-8.093245982046666,3.239379519436859,-8.9897055,8.715459345207131,hand_wash
-4.623657039333333,1.8116649969722982,-4.44156365,4.964815610382102,-5.254126003553333,3.911626663246659,-4.6792693,6.546423486912181,-2.145993373293334,6.352874772551723,0.9023236,6.69550411652157,hand_wash
-3.3950479631999997,2.1013543189665738,-2.7710377,3.99090486978686,-3.0430838831466667,3.2479422533279934,-3.0572425,4.446833102094546,-7.706039237650001,5.520045627218869,-9.6800705,9.473772995997475,hand_wash
-4.400325473533333,1.7760961707438139,-4.3170228,4.744140261634847,-5.803383800475,3.6114824675096697,-5.8701928500000005,6.832173382609296,-2.7298352684976663,5.517129531934757,-1.54897895,6.147296679926867,hand_wash
-4.291268263844334,2.0367450861366696,-3.9032831,4.748629917112208,-3.5239199682000004,2.9469270413841144,-3.36560115,4.590581989199425,-5.373022731533333,6.560204724460675,-8.3771795,8.471257581590468,hand_wash
-3.9460261816,1.9483834052088842,-3.63803455,4.399393881728148,-3.4671220963900002,2.919904830042766,-3.4608033000000002,4.529719678640298,-7.045528770032667,5.701061014643878,-9.004076000000001,9.05721988359239,hand_wash
-3.946381456433334,1.638695252642924,-3.869154,4.272036710627053,-3.7385216978333333,3.274679415086998,-3.2003449,4.966319026454756,-6.859080487899334,5.609614846828534,-9.160351,8.854934854276152,hand_wash
