mean_x,std_x,median_x,rms_x,mean_y,std_y,median_y,rms_y,mean_z,std_z,median_z,rms_z,Activity
-1.2063154532256666,1.7850614330105061,-1.2418176,2.151980439327264,-6.744790119660001,5.716402329496139,-7.508386,8.835186764614722,-2.6003725156333335,7.279540269078185,-4.89482125,7.718614171431838,hand_wash
-0.6992459124933335,1.6794211171374853,-0.446072385,1.8165898318544549,-7.467539184970001,3.3384746523301785,-7.792794649999999,8.177554836663138,-5.62710635418,5.9463623562014565,-7.0138147,8.179589666252532,hand_wash
-3.4489359036819995,1.840294281945866,-3.4117053,3.9077554898418203,-5.43720926178,2.3892187308599744,-5.5959632500000005,5.937388551638848,-6.335816602986667,4.796896606357048,-8.665180750000001,7.942045602692946,hand_wash
-3.7689025143333335,1.6976831686755651,-3.44882805,4.132450509074296,-5.190889507833333,2.624557101307541,-5.38460275,5.814694562969862,-5.315087213083333,5.772117902268726,-7.835306,7.839415752685108,hand_wash
-3.9973434747333334,2.1316883094580183,-3.64581855,4.528543134406202,-4.465226497833333,2.859434968491059,-4.257746,5.299751074800806,-4.031081322466667,6.7345820855585075,-6.8431694499999995,7.839198333327296,hand_wash
-3.6343902507666668,1.7158923110190492,-3.3955389499999997,4.01786816978922,-4.507203201066667,2.5536171845960784,-4.546345949999999,5.178233761179429,-6.572017427286666,5.574262870804896,-8.760982,8.611634277469303,hand_wash
