mean_x,std_x,median_x,rms_x,mean_y,std_y,median_y,rms_y,mean_z,std_z,median_z,rms_z,Activity
-3.1779873475800002,2.2584160657965233,-3.1446607,3.8965427279241935,-5.309494858601333,7.000901254302766,-5.451064499999999,8.77724208572585,-1.6873112129666668,7.895799217349814,-1.3208532,8.06119422040986,hand_wash
-3.665222133026667,2.0388773740922104,-3.3620086999999996,4.192495377996865,-4.904129809733333,3.1666307415128525,-4.868475999999999,5.834776283311901,-7.136527532733333,5.518998445985044,-8.866362,9.015976814859846,hand_wash
-3.6929085580999996,1.2969856151828716,-3.6027081499999998,3.9133282593626375,-3.6730219048666664,2.650553705840775,-3.84640135,4.526931272361532,-9.549158436166666,2.293479286263839,-9.4058405,9.81982385711403,hand_wash
-4.371066324796667,1.569638686178466,-4.12901385,4.643465717425115,-5.767510397493334,4.382381826861187,-5.2474878,7.239159418975536,-3.479220929413333,6.0966560515542945,-3.0524524499999997,7.0107272021703695,hand_wash
-3.7898230143,1.6904000261413705,-3.6901263,4.148576368740096,-5.259730329966666,4.627810878334127,-4.32899785,7.0007148128730545,-5.517713858858333,5.775262875023949,-8.1179185,7.98045416207301,hand_wash
-3.479520290501,1.8268891103084242,-3.4745746,3.9285442843332086,-3.8799436072866667,3.337140250575996,-3.92004825,5.114034196623285,-8.895338019033334,4.066050485579957,-9.419013,9.77776537877174,hand_wash
-4.738366509566666,1.8224406874650803,-4.54874085,5.075661165941513,-6.125589749433333,4.687758429293634,-5.48040335,7.708740403343351,-0.5618755917266666,5.711582298293265,0.8442444,5.72967153999726,hand_wash
-4.768024838600001,1.940417114500605,-4.660708,5.1465258875438735,-3.917565373466667,3.0155129253007424,-3.18058585,4.940680681582786,-3.594285631966666,6.983546830417656,-7.3539075,7.843866974629906,hand_wash
