mean_x,std_x,median_x,rms_x,mean_y,std_y,median_y,rms_y,mean_z,std_z,median_z,rms_z,Activity
-3.4870446599819993,2.058607956852101,-3.3452436,4.047619171602451,-6.282623233531,4.523962631307974,-6.68869065,7.737530083367017,-4.0835402372,6.346111926745073,-5.452262149999999,7.537519065779198,hand_wash
-3.5967525140666674,1.991908757517169,-3.22189995,4.109878766751022,-4.633265065683333,2.7723458344602996,-4.54514835,5.396983131649705,-6.0658420158,6.142294286888243,-8.359815999999999,8.62533820807598,hand_wash
-3.2096574721666666,1.4582048442261297,-3.2087274499999996,3.5243686789457938,-4.204867937853334,3.015101904713757,-4.58107385,5.171213694315494,-9.368761567333335,2.1820572881881546,-9.207652499999998,9.618689935109705,hand_wash
-4.151694505133334,1.3590573720368693,-4.0092626,4.367773736658122,-7.055555885276665,4.012387613975011,-7.191046200000001,8.113350666267689,0.1686932031566668,4.759347722507122,1.8262024000000001,4.7544025391959135,hand_wash
-5.308640630966667,1.9771620724277228,-5.2121613,5.663727098227341,-5.078231743,2.69265887922539,-4.5912524999999995,5.7458403594268015,-1.5106585748199997,6.214284029185659,0.28321106,6.385193098496281,hand_wash
-3.9161163954333325,1.475993579949512,-3.8960980000000003,4.184168114907322,-5.1071715704,3.324725353885222,-4.84931585,6.090989585664493,-4.724794750933333,6.148007145200542,-7.8766205,7.74568809013716,hand_wash
-4.604967915666667,1.6666466544856164,-4.4661126,4.8963436907885125,-5.7818845188133325,3.6819343169054948,-5.273833,6.8513969452844385,-1.8735439354333334,6.211731305985071,0.6185138,6.478206079594481,hand_wash
