mean_x,std_x,median_x,rms_x,mean_y,std_y,median_y,rms_y,mean_z,std_z,median_z,rms_z,Activity
-2.3799748216766665,1.6720353114613355,-2.2992188000000002,2.907002447134489,-5.484562792416667,5.291994722156533,-5.6241045,7.615266670937803,-2.610774878899999,7.869521499187253,-4.996010699999999,8.278833424203668,hand_wash
-4.008424447266667,1.6027256909292713,-3.8811291,4.315974253592721,-5.309019860253334,4.186180758992265,-5.8246875,6.7565810529955295,-4.995783242500001,6.2029355573229825,-7.1431457,7.956507087655859,hand_wash
-5.0456355687666665,1.9438236682217553,-4.87027225,5.405949862059266,-4.816907225486667,3.276301462575081,-4.5325744,5.822453605514749,-2.398532234066666,6.928553885876594,-4.9391292,7.321051811785936,hand_wash
-4.660604227593333,1.601099224056682,-4.704417299999999,4.927088940654326,-7.4686967628000005,3.73130386901971,-7.3850427,8.34611593112294,-1.3612851963950001,4.412930946248181,0.04670288,4.611089212303804,hand_wash
-3.983412446743334,1.653735840720451,-4.1140447,4.311994991994248,-5.37535788666,3.2014787639874056,-5.47920575,6.253780760336314,-5.755052308623334,5.441548108244199,-8.386161,7.914061624935643,hand_wash
