mean_x,std_x,median_x,rms_x,mean_y,std_y,median_y,rms_y,mean_z,std_z,median_z,rms_z,Activity
-0.21271764952233327,1.7046894292969639,-0.049696655,1.7150884219986806,-5.955583283894333,5.214834985063662,-6.4144612,7.9102988455835685,-0.41668947075333373,6.79167640719632,-2.4513025500000003,6.793139355779251,hand_wash
1.6830919951933334,1.188449179476663,1.72561155,2.0592479399792136,-7.892587283666667,2.85416681019695,-7.7826158,8.391188710990743,-5.2456037137300005,3.526526152489565,-6.1013122,6.317538318312246,hand_wash
-4.1330013832366665,1.4751688706507264,-4.5613148500000005,4.387547137841752,-4.720910801333333,1.045629252311174,-4.77327365,4.834945176420335,-8.498000342333333,1.2193702796433679,-8.440049,8.584749121799973,hand_wash
-4.607542557,0.8810620460692578,-4.4463536999999995,4.690749532412323,-5.445432172666666,1.8309914122935038,-5.19898875,5.744047875888524,-4.638753652586667,5.455787829162119,-7.57484795,7.154329986106097,hand_wash
-4.547950486666667,0.9624475576518831,-4.565506,4.648340698148557,-5.968548339333333,1.701646167474795,-5.8187001,6.205603674044083,-4.331452697766667,5.084745444666729,-6.6509692000000005,6.673075497044747,hand_wash
-4.854608774833333,1.5252345437935988,-4.79782275,5.087810167667893,-5.536670428203333,2.2572211243385163,-5.301375500000001,5.9776904523420065,-2.925121219733333,5.776447505891222,-5.3696338,6.466255133575389,hand_wash
-4.499539153333333,1.1861650774435268,-4.4559338,4.65275727119842,-6.3876528198,1.9948078803873643,-6.63779665,6.690897012435794,-4.412695765413333,4.704077062409791,-5.9887463499999996,6.444103024509285,hand_wash
-3.461094620666666,0.6480882727439513,-3.4152977,3.521050173046637,-2.9252089834,2.5257324201415465,-2.0513341,3.861982320068839,6.121829572,3.672006969083607,7.6425076,7.135508884376009,hand_wash
