mean_x,std_x,median_x,rms_x,mean_y,std_y,median_y,rms_y,mean_z,std_z,median_z,rms_z,Activity
-1.3169453902366663,1.5430532645862631,-1.2669652999999998,2.0266775340339898,-6.9258496146583335,5.902530103546921,-7.3503150999999995,9.093465875894791,-1.79180989601,6.751989736939617,-3.446433,6.97481064687911,hand_wash
-2.4611979123356664,1.9693201059241003,-2.6668541,3.1500459421544473,-6.642199498,2.7094983706486833,-6.10729985,7.171870350220888,-5.660979942716667,4.6561751237969675,-7.619155749999999,7.324915981727109,hand_wash
-4.551443212666666,1.5272581511098702,-4.3092389,4.800039345678384,-5.074727047616666,2.2923805777476165,-4.7044172500000005,5.566897396695568,-3.242333496966667,6.310202352634315,-6.854546,7.08510066202119,hand_wash
-4.220966476,1.1323104626203924,-4.0529718,4.369715233131666,-5.8576709018,2.470485301371305,-5.4648357999999995,6.3557266848623835,-4.865262648853333,5.264969736254631,-7.4580908,7.162282267424185,hand_wash
-5.946366455000001,2.1258321636327064,-6.0228752,6.313744731176429,-5.729393672956666,4.687522388336958,-5.3522699,7.397673628495575,3.520674713046667,1.7552001258764058,3.63803465,3.9326338280288096,hand_wash
-3.7254848086666668,0.798840725843927,-3.6547998,3.809889291023481,-6.434694975533334,1.6919461157987727,-6.5108608,6.65270161774332,-7.3717543333333335,1.991783269765227,-7.6119708500000005,7.6352300910160125,hand_wash
-4.550620947666666,1.597646538490359,-4.34157175,4.8220449213053165,-5.4901432051666665,2.6558981140354048,-5.449866999999999,6.09688072345748,-4.46401302046,5.426192731481736,-6.41565875,7.0194611317981055,hand_wash
-5.7627562900000004,0.8345365540213928,-5.89773555,5.822670333595443,-2.9975665315833337,3.4562816868790893,-1.10590025,4.570718608708494,4.656712324333333,2.79260512569584,6.046825650000001,5.427487225383439,hand_wash
