mean_x,std_x,median_x,rms_x,mean_y,std_y,median_y,rms_y,mean_z,std_z,median_z,rms_z,Activity
-2.1375150145466666,1.4440591151138173,-1.9980449999999998,2.5782409008719998,-5.966201231533333,6.0486462004758055,-6.488107899999999,8.488799930348524,-0.8357340874000007,7.190340050964352,-1.46275815,7.226832285299649,hand_wash
-1.9309485686723333,1.1943775224654127,-1.89086795,2.2694371362684733,-7.440978425866667,2.995467233597072,-7.21798995,8.019418586693698,-4.9420070228999995,4.702044795534542,-6.3396168500000005,6.816081077574979,hand_wash
-3.6738322307333338,1.014525903271552,-3.8062848000000002,3.810889029079171,-5.632355444233334,1.6379430561402333,-5.38160895,5.864924760571018,-6.6300247716000005,4.502464491271186,-8.036488,8.010108676678717,hand_wash
-4.943563827666667,1.32316681023224,-4.98643065,5.117006725084057,-5.189380628666666,1.9494000381459515,-4.8786548,5.542306795568839,-1.5010305950333334,6.322122139661687,-0.59935363,6.487610533537286,hand_wash
-4.500592974333334,1.373204411673553,-4.2834926,4.704757362748633,-5.853120372233334,2.1313854807402164,-6.07077585,6.227895268799728,-4.7591832033,4.997817575415537,-7.164701,6.89526973206861,hand_wash
