mean_x,std_x,median_x,rms_x,mean_y,std_y,median_y,rms_y,mean_z,std_z,median_z,rms_z,Activity
-3.025272907971667,1.7032824679175704,-2.872826,3.4704144943610116,-5.182307323653333,6.248360989514087,-5.611530849999999,8.109758578520582,-3.5580050995679993,7.6613389713230395,-3.7589832000000003,8.43563046878853,hand_wash
-2.0999211900633337,2.274156642201758,-1.7711169500000001,3.0926070139883297,-5.399395900366667,3.9242157916717413,-5.65583835,6.670953013118657,-6.7785599113,5.80150248176426,-8.278385,8.915947177960433,hand_wash
-4.609602305,2.1891846224168257,-4.3170228,5.101469163249367,-6.666756393920001,5.197132345817491,-6.03604785,8.447827619399114,-4.364715529183334,5.634330876327336,-3.5548077,7.119733641545159,hand_wash
-4.8841313990733335,2.200887836449378,-4.9451165,5.3556045816025994,-5.83674244519,3.5672820106086602,-5.3666402,6.837444330904446,-3.6304304734453337,5.752542142257678,-4.46850785,6.794222598451537,hand_wash
-4.21127460425,1.8566596515119527,-4.1751178,4.601144231284392,-5.599184432353333,5.654968446913434,-5.3804114,7.951285360408248,-3.379125093037667,6.467231947660457,-2.0848645,7.2872600129052225,hand_wash
-4.375888307333333,1.915457967261154,-4.162544049999999,4.775473565192567,-3.995415486646666,3.031812507672077,-3.9062769499999996,5.012443752203836,-5.22262350954,6.716853796968049,-7.883805499999999,8.499501995360935,hand_wash
-4.189759352466666,1.6920254090903852,-3.8937030999999998,4.51746502476474,-7.316030225749999,4.732122362192787,-6.67551815,8.708767825665701,-3.496824299433334,4.8687318209907655,-3.1979499000000002,5.987763736211239,hand_wash
