mean_x,std_x,mean_y,std_y,mean_z,std_z,Activity
-3.3770973007465,2.4957511535615926,-5.203155985435001,4.630183477002346,-2.1765518578405,7.652245785006487,hand_wash
-2.37098251829,1.753140202507352,-5.60028014435,3.2072961920135135,-7.562681315800001,4.603283984286115,hand_wash
-2.6166157183974996,2.0885420634197804,-4.0720900409375,3.224450970631889,-5.92784400485,7.079647675667803,hand_wash
-2.7182813072575005,1.9917278094322262,-5.5724021319125,4.086158054537483,-1.870432430175,6.947179448401142,hand_wash
