mean_x,std_x,mean_y,std_y,mean_z,std_z,Activity
-2.991328492325,2.009916689587049,-5.061152280065,4.940057322001928,-5.886838240654999,6.893700354925979,hand_wash
-3.9439385301000005,1.5956320415731486,-3.6036930804575,5.134243697913726,-6.229948760387499,6.074375674678991,hand_wash
-4.46038858175325,2.0363189820225105,-2.5962071641107496,3.5593813997845665,-5.09579321995,6.924399940845609,hand_wash
-3.5121793854249996,1.5308244314691557,-3.07487877121,4.875743701344628,-6.648795756299998,5.687944804594312,hand_wash
-4.376535938859999,2.0036735380825905,-3.5428535889882498,4.51332500533757,-3.9761754662174997,6.600803833964146,hand_wash
-4.360106123325,1.9862211562122407,-3.6142192048787503,5.08389610135027,-5.153603014845,5.699854696967113,hand_wash
-5.104469205725,1.9717861047932894,-4.1810933633000005,3.4545149090526333,-1.6881235261437502,6.491421702294299,hand_wash
