mean_x,std_x,mean_y,std_y,mean_z,std_z,Activity
-1.847664765065,2.140044977816731,-5.919329680880001,4.935389028269529,-2.7074677864225003,6.877941187848368,hand_wash
-4.414709549,1.2803093585791732,-4.87796021635325,2.2453833409336044,-6.172276681772499,5.109759809494456,hand_wash
-4.670377900999999,1.5548436424493006,-4.59109377575,2.7552114372962446,-3.6883749882925003,6.492160939355472,hand_wash
-4.22107821961625,1.7558866672846007,-4.78660520633,2.221822905604594,-6.869978774398249,5.150744739037771,hand_wash
