mean_x,std_x,mean_y,std_y,mean_z,std_z,Activity
-3.15863258352875,1.923204480009908,-5.36536765104,5.662792424082882,-3.4141602274009997,7.45333437052543,hand_wash
-2.8408853584975,2.542419436850838,-5.48607962274,4.321173955873676,-7.363289953475,5.072977859047688,hand_wash
-4.964677909554999,2.101149112662272,-6.4624542735675,4.481005100375214,-2.9713330792465,5.469634002326451,hand_wash
-4.7404352189375,1.9692623990661733,-5.385572643614999,4.995942981030852,-1.6569823011532494,6.426008339202709,hand_wash
-3.9225031123500003,1.638372781281941,-5.9052349911975,4.859941644577242,-5.391386569404999,5.376001133745515,hand_wash
