mean_x,std_x,mean_y,std_y,mean_z,std_z,Activity
-1.28826005018925,1.8320502053109042,-7.312015580995,5.0765482030705265,-2.64280226685,7.305559973627313,hand_wash
-1.7106247396115,2.217301509010233,-6.1426023921525,3.189028940921352,-6.9542026644099995,4.32131781247664,hand_wash
-3.8436650479999996,1.6136246796900475,-5.175703082535,2.5840663550801546,-5.3117820831525,5.737461259784602,hand_wash
-3.74141268905,2.0013035650334166,-4.0737964806,2.844388354728579,-5.580437428850001,6.494531781623667,hand_wash
