mean_x,std_x,mean_y,std_y,mean_z,std_z,Activity
-1.063792829544,1.5984949743711143,-6.687625003000001,4.967523671192938,0.1580114337400002,6.771386706499265,hand_wash
-2.337311538486,2.1407007469764445,-7.535177513,2.372228866928208,-4.7365911924925,4.758509859260734,hand_wash
-4.6990762315,0.979252242778806,-5.462276138350001,2.3967795126884326,-4.274358423285,5.669263247722079,hand_wash
-4.187787452999999,1.2047867412365112,-6.145120153225,2.0778931794176865,-6.518240269740001,3.347798690147923,hand_wash
-4.951529234000001,0.982876175139079,-5.7613691751500005,2.4693478875858608,-0.9612530681999999,5.6298846669893035,hand_wash
