mean_x,std_x,mean_y,std_y,mean_z,std_z,Activity
-0.17112114979749996,2.1826675225182033,-6.083065208775,6.075218115480085,-0.9192174683349998,7.009312993975744,hand_wash
-2.857812140815,2.187152677985616,-6.622501446,2.1836704465918237,-5.99118627013,3.9025118785969135,hand_wash
-4.30198797499,1.361924299497339,-5.68793488928,2.798692757558175,-3.7445591476000004,6.086402309743549,hand_wash
-4.2273382022499995,1.046115866177111,-5.831701924275,2.208500593167078,-5.343369414000001,4.856537819132577,hand_wash
-4.301032956,1.0625104958931433,-6.002353047125,2.1042826517580826,-6.008517227567499,4.1322386708313195,hand_wash
-4.578948035,0.8050200753004781,-6.268376849225,2.079339307160714,-5.004989051653251,4.197100593219368,hand_wash
