mean_x,std_x,mean_y,std_y,mean_z,std_z,Activity
-0.84613645322,1.943936132775009,-6.4821802559999995,5.244627089440741,-1.5971756643650001,6.952356882048338,hand_wash
-4.068332853,1.1604449251741895,-4.6817662179249995,1.8224780789723378,-7.084904882000001,4.770936335476372,hand_wash
-4.4504522377,1.5235860439074327,-5.343111928349999,3.147565986359382,-3.1739876486,6.4540512826324425,hand_wash
-4.723774868265,1.935612552491867,-4.63074033751,2.811371566098468,-2.2377236141,7.041717935023153,hand_wash
