mean_x,std_x,mean_y,std_y,mean_z,std_z,Activity
-2.7628825610075,1.7624158628522832,-5.288843794777499,4.813334418530352,-4.181419704425,7.411620669919269,hand_wash
-4.8072472967,1.9794007617367895,-5.23774009564,4.20610443146009,-1.103116083425,6.6876032676758825,hand_wash
-4.50084944127,1.55974685532022,-6.782806090299999,3.642153089517855,-3.2402458760462496,5.146614941470671,hand_wash
-4.3143193240575,1.6871770549713137,-5.00493818307,3.2028129373081016,-3.9183028441674996,6.446480630684239,hand_wash
