mean_x,std_x,mean_y,std_y,mean_z,std_z,Activity
-2.33171617545425,2.013988915404018,-5.8112693819595,5.345350403985413,-3.4454421586600006,6.999309942224463,hand_wash
-3.5257770988250003,1.5859837569684685,-4.25051901069,3.325712197022189,-7.121461825702499,5.111035212555595,hand_wash
-4.02632121865,2.2237090833577744,-3.8119400422850003,3.6822197406516812,-4.982508838505001,6.757859578360574,hand_wash
-4.00496063853325,1.78650450513938,-5.05340139433125,3.570264032094355,-4.57649911537325,5.827056811373991,hand_wash
-4.151574753999999,1.9571142950988507,-3.3706307467174996,3.0332882580795233,-6.4941912644,6.110393935319459,hand_wash
-4.281465639025,1.8422545778754682,-3.975678531125,3.1826991512915512,-5.434910063699,6.230777797858029,hand_wash
