mean_x,std_x,mean_y,std_y,mean_z,std_z,Activity
-3.8947298598325006,1.8153968838056642,-6.0516036096225,4.8760956392631325,-4.108751807755,6.1889447326777836,hand_wash
-4.401617784725,1.7359136784727038,-5.70389469495,4.18830131694509,-3.0425370022000005,6.266581967962559,hand_wash
-5.25522072365,2.4145951018829415,-6.1313547997,6.167727732717712,0.9677884752975001,4.856439488522318,hand_wash
-4.7809349906,1.9606991765048938,-5.99419201025,2.862129242427517,-4.154442812439999,5.6608092282985325,hand_wash
-4.8931326800149995,2.137023454092421,-5.32366139795,3.6140172808345707,-2.5235901504634994,6.446036059701383,hand_wash
-4.38002071,1.745791503541318,-5.7895256143000005,1.9818813650204108,-5.68613861418425,4.843074302663916,hand_wash
-5.267375426142499,1.8703145677963962,-5.454468388282501,3.224802580368611,-1.9880009410400004,5.94747873069526,hand_wash
-5.04924604,1.5343806561754696,-5.5496404753875,3.3273676380967316,-2.2660956169324997,5.828433070005184,hand_wash
