mean_x,std_x,mean_y,std_y,mean_z,std_z,Activity
-0.8430079578442499,2.0765929683917936,-5.3226974131482505,5.74226214699871,-3.09496699635,7.359841148380902,hand_wash
-4.6353896563,2.0072890754341937,-3.724195484175,2.6346790551325228,-5.0260622799425,6.4877786300922216,hand_wash
-3.14032865047075,1.4968611981602775,-4.240244366075,2.8609940506880416,-9.051551170799998,2.6798736512473593,hand_wash
-4.258048334574999,2.1013285853400263,-4.0826490892525,2.8291371014699607,-4.59064771047675,6.7774651239175725,hand_wash
-4.483012527750001,1.4793539060333507,-5.03440291105,3.327756032679808,-2.547270923835,6.430954699860158,hand_wash
