mean_x,std_x,mean_y,std_y,mean_z,std_z,Activity
-3.39410493183,2.3180295523179795,-5.153728769301,6.43759947279415,-2.316971819125,7.820723787091032,hand_wash
-3.51105073145,1.586799457633166,-4.156224093075,2.723836958244612,-9.200731024025,3.1489851176681465,hand_wash
-4.2752326093475,1.4953481964815658,-5.430664865645,3.995020324745608,-4.871460740310001,5.858171442472925,hand_wash
-3.8044136786375002,1.7195787271228467,-5.156414172415,4.246332446255241,-5.900025827668751,5.677125121129186,hand_wash
-3.71813309288825,1.7956307705754755,-5.146720322365,4.539793569935558,-6.39563620817,5.548657066499313,hand_wash
-5.0592542181999995,1.902376869182259,-4.083987300335,3.312922475638763,-1.6312477903499998,7.008806417686526,hand_wash
