mean_x,std_x,mean_y,std_y,mean_z,std_z,Activity
-3.6013609469624996,2.464740617796149,-5.927888902275,5.187941890354051,-3.905860719075,7.127624010732253,hand_wash
-4.53624783655,2.144961315048116,-4.669153446696501,3.1766734678929947,-4.698267898309999,6.467556741927056,hand_wash
-3.6285264374024995,1.7558071533472577,-4.4888533829415,2.8119937895372544,-9.02924757125,2.568891098361853,hand_wash
-4.67940113625,1.7606302304995471,-5.338139289375,3.9603165865392116,-2.949355783175,6.386986915482553,hand_wash
-4.3729134826500005,1.6903384354852213,-5.9872314975475005,3.363794301391333,-3.140430438935,5.894564709111082,hand_wash
-4.48899709365,1.6468947668928962,-5.913306192049999,3.0676410544339308,-2.7518983892525,5.768361611876817,hand_wash
