mean_x,std_x,mean_y,std_y,mean_z,std_z,Activity
-3.462336038934,1.6661099871811684,-5.9846508406645,4.931387479666655,-2.8172165577125003,6.586179735549474,hand_wash
-3.7078375139499995,1.6055865531910145,-5.7657400519825,2.4883680255847076,-6.55611747223575,4.60949176650184,hand_wash
-3.935445195375,1.764787985630382,-4.9910380520499995,3.0758379844241186,-5.253382538087501,6.056926963102209,hand_wash
-3.76984156975,1.7032062146724922,-6.002649423815001,2.6095762880200235,-5.919554240425,4.966876863004049,hand_wash
-4.42062227249,1.6600324615224287,-6.2952040430750005,2.7047213347856185,-1.7096427651649997,5.689924596613402,hand_wash
