mean_x,std_x,mean_y,std_y,mean_z,std_z,Activity
-2.664019147445,3.0516759152563657,-6.243555466215001,4.819857005418673,-0.9326295784732505,7.777955827382921,hand_wash
-2.90689808182825,1.8992888912294164,-6.2940334743049995,2.8632277622388513,-6.584902614289999,4.8483750600331765,hand_wash
-3.982028337825,1.680796944429447,-5.128694821075,3.595684886774187,-2.8687843445750003,6.956817146074194,hand_wash
-3.108986827125,1.4549861318808903,-5.984384419975,3.3379964649861766,-5.088727951725,5.787337956521687,hand_wash
-3.1373707962,1.6131083600601477,-5.194991963099999,2.879669623922917,-5.56179818951,6.029660092471428,hand_wash
