mean_x,std_x,mean_y,std_y,mean_z,std_z,Activity
-2.6572172872907505,2.003889742247871,-5.826552622767499,4.593490158773606,-2.4234484029650005,7.178333136606235,hand_wash
-3.50746718435,1.5232530449751558,-4.48041394006,2.477072732851025,-9.120324197,2.024779503008831,hand_wash
-3.8567957537735005,1.8714118742515082,-4.841259525857501,3.7248297830426385,-2.4860871589749998,6.993833390512745,hand_wash
