mean_x,std_x,mean_y,std_y,mean_z,std_z,Activity
-1.7572318128225002,1.6263149880004035,-6.1989841459249995,5.166871701521756,-1.2995585490424997,6.935710644113411,hand_wash
-4.69353474675,0.8643565426339574,-5.851909901249999,1.7686841793970391,-4.7462790574625,4.90061127826631,hand_wash
-4.796912767175,1.05794115211025,-4.92297762025,2.777389146291432,-3.67892960905,6.100238814389954,hand_wash
