mean_x,std_x,mean_y,std_y,mean_z,std_z,Activity
-2.020654026885,1.3219952302863076,-6.2816153294,5.460022124237568,-2.49525708755,6.958519154150164,hand_wash
-2.81606396782925,1.4555238744722745,-6.758158333325,2.6080081518893916,-4.721355859125,5.237040565622307,hand_wash
-4.6776767365000005,1.2774323606740037,-5.131913135,1.7697082055263391,-3.2149844110249997,6.268123645066052,hand_wash
-4.4849195685,1.2815351861259965,-5.824630617175001,1.9930696082854873,-5.495710604225001,4.586994694119423,hand_wash
