mean_x,std_x,mean_y,std_y,mean_z,std_z,Activity
-3.9926442617449998,2.145554264352443,-6.495906696974999,7.908928521800597,-2.3495381305245,6.322970667598985,hand_wash
-3.593876489425,2.7175667708939235,-6.6709167483275,4.259006450478223,-4.667988871345,6.4734949738637315,hand_wash
-4.0042361379625,2.638323604905753,-6.10239301252475,4.789425722017577,-5.657649855306249,5.300643318876585,hand_wash
-5.188423610250001,2.493414267093472,-6.044331747315,3.4458674666371465,-2.1146735132000005,5.690690839939939,hand_wash
-4.036065957575,1.8915956721835538,-6.429364077580001,4.642920490360253,-5.369109889635,5.112918143051705,hand_wash
-4.2903152458925,2.184653444841975,-5.163296884665,3.5745625692153746,-5.3251672512649995,5.722689465731959,hand_wash
