mean_x,std_x,mean_y,std_y,mean_z,std_z,Activity
-2.0400087818304997,1.564821850927779,-4.973656215655,4.162999904383334,-2.979691706550001,7.197506114183319,hand_wash
-4.2759002245,0.8250287515141808,-5.107187555325,1.7032500233904486,-5.90717496965,5.1219417405201355,hand_wash
-4.647685085999999,1.1332725774134587,-4.958825088575001,2.6574849666622784,-3.19445608163125,6.292742263022643,hand_wash
-4.6448080775,1.1528678768655212,-4.410473371619999,2.660355625813375,-1.7775116469249996,6.912589517751314,hand_wash
-4.316471858,0.9578011414013613,-5.9262872267,2.2708928142084557,-5.307997942815,4.612247460368314,hand_wash
