mean_x,std_x,mean_y,std_y,mean_z,std_z,Activity
-1.18853742117175,2.659464057227531,-6.095785764474999,4.992447128038176,-2.6831344186,6.968537351987179,hand_wash
-4.9007608199999995,1.226239444224207,-4.3010808576074995,2.66409620122347,-3.6762352383999994,6.585626745470896,hand_wash
-4.755637607,1.096602135239806,-5.56169938205,3.008077598030009,-3.62188324919325,5.800717720163675,hand_wash
-4.721571449499999,1.3899069652669256,-5.608429192459999,3.4086163745281715,-2.506399915705,5.756900966663663,hand_wash
-4.640544938,1.1199732324072442,-5.424401891487499,2.887082128999365,-3.6806510464400004,5.780737247668746,hand_wash
