mean_x,std_x,mean_y,std_y,mean_z,std_z,Activity
-1.3620895194384999,1.5107689948344576,-5.1106184001875,5.374879083474187,-2.13881233115,7.385172489971948,hand_wash
-1.29934300724575,1.9293701446777491,-7.716603237825,2.9142172630189367,-4.76801086293875,5.334290016295466,hand_wash
-4.141973714,0.8479296174624679,-4.885010577399999,1.596289327923032,-6.0925015916025,5.430347137869566,hand_wash
-4.112784413749999,1.1184867090408022,-5.372397033825,2.090832186999547,-4.79055998165,5.760368855421301,hand_wash
-3.676651371735,1.0234718091059376,-5.68297119614175,2.0533589734547193,-5.693260813849999,5.213379171816746,hand_wash
