mean_x,std_x,mean_y,std_y,mean_z,std_z,Activity
-1.24177870277925,1.6293568239722487,-7.1425110737437505,5.402521560091837,-2.8121570792325,6.358510424874043,hand_wash
-4.02086655865,1.8250201955763192,-5.5070749874625,2.2308207936323194,-3.2534244740375002,6.2329839339227355,hand_wash
-4.150269482,1.1055079835806996,-5.72574923535,2.437881064539831,-5.6047079351399995,4.890909813484738,hand_wash
-5.38187532275,2.111973225025162,-5.9155096407175005,4.146761994637881,0.733007706285,5.105351230980435,hand_wash
-4.2293829555,1.5214491116130435,-5.467117071025,2.3435133905187895,-5.52522322537,5.083353182004681,hand_wash
-5.377663097749999,1.060029890037116,-4.1062220771875,3.6666790423913707,2.048430281775,5.234626662334222,hand_wash
