mean_x,std_x,mean_y,std_y,mean_z,std_z,Activity
-3.4712455090000005,1.8756213311197842,-6.2879351700285,6.248449599344306,-2.3399280856625,6.810497423860115,hand_wash
-3.7587556362217502,2.172058307011951,-5.132122691749999,2.2846814729895235,-7.4289194671850005,4.957249893327882,hand_wash
-4.5831482838925,2.370393139873377,-7.016092940424999,4.032295801021364,-2.8846692998699996,5.500775797113898,hand_wash
-5.75372306303,3.771979345122343,-5.2830269036595,5.612292139945562,3.6134737381375,2.335352726461312,hand_wash
-4.4595413316,2.196216383469146,-6.753637730525001,3.87960714263126,-2.6990882133949996,5.711328357083524,hand_wash
