mean_x,std_x,mean_y,std_y,mean_z,std_z,Activity
-0.14220129512824997,1.5562414476706459,-6.6637855675325,5.098218071991099,-1.1730087121825001,6.179519847660514,hand_wash
-4.254985710462499,1.5026499924881342,-5.4714760211975,1.9403347056099352,-5.203874471000001,5.283125792863071,hand_wash
-4.4115391569,1.1018837632284557,-4.63828165484,2.7750645932300193,-3.20539237034675,6.7154835855530886,hand_wash
-4.3391287177499995,1.0796251106716515,-5.3398158182249995,3.02744530164065,-4.40452473645,5.537208836461824,hand_wash
