mean_x,std_x,mean_y,std_y,mean_z,std_z,Activity
-1.398577647907,1.7634092663856986,-6.8804211088625005,4.950098938616393,-2.7261130177232498,6.75253102713165,hand_wash
-0.8342661286665001,1.789490659151139,-6.134546148575001,3.062723425148777,-7.800288225217501,3.722636238451281,hand_wash
-3.9062738475000005,1.2226356403551326,-4.963887543,1.6784888002266853,-6.7726811421875,4.6895108160254075,hand_wash
-4.3066163502,1.7065699428222796,-5.537710280600001,2.331512057511786,-3.7250906351755004,6.318163676610373,hand_wash
-4.458298930575,1.9810313447828156,-4.173073046742499,2.912789098965131,-3.5210379670517495,6.880470960967114,hand_wash
-3.8211578475249994,1.403321636048515,-5.6867104156,2.670881271033768,-5.437104477,5.447712497055577,hand_wash
