mean_x,std_x,mean_y,std_y,mean_z,std_z,Activity
-3.3541470179767505,1.508240602443923,-5.981788818232501,4.945816854218457,-2.538187807925,6.654192835853115,hand_wash
-4.7326304320000006,1.1365645726034974,-5.074902682625,1.8707460402334926,-5.965724219675001,4.804645513544937,hand_wash
-4.69927979875,1.483864893747192,-4.9977231742249995,2.4680202672112443,-4.460439450639999,6.080337152955973,hand_wash
-4.31671435325,1.0016871535510277,-5.4846096857,1.9446805849195028,-6.7854735292249995,3.9612276163725535,hand_wash
-5.23918606225,0.9673431468880436,-4.263119788775,2.805733749519573,0.5635720432024998,6.313740874880764,hand_wash
