mean_x,std_x,mean_y,std_y,mean_z,std_z,Activity
-3.3804024222725,2.3474251594685573,-6.412670803065001,5.034387075800771,-4.68841239991625,6.835555273625836,hand_wash
-3.8438446884975,2.6098118538739348,-5.684563909162501,3.4899722226441554,-6.08371783619,6.120401542281356,hand_wash
-4.0218634990825,2.043987696318953,-6.2090042787825,3.894075459372904,-5.173514609154999,5.748641247446854,hand_wash
-4.8580067271,2.043392360035585,-4.3952081253525,3.358747684595971,-3.2098410929749996,6.623603110845477,hand_wash
