mean_x,std_x,mean_y,std_y,mean_z,std_z,Activity
-2.81146851953,2.0381328011426056,-6.376922114016249,6.079046206612274,-3.002273734190501,7.4075730594196525,hand_wash
-3.373444886265,2.315818728327488,-4.862174051145001,3.318419107467256,-7.417680874809999,5.241023800547912,hand_wash
-4.916529031525,2.382120672509954,-5.694329603892499,4.342523448250813,-3.5050452169724995,6.150357639266788,hand_wash
-3.9482166486000008,2.0362744260078878,-5.841234083325751,4.377757035714139,-6.642401043373249,5.060575182832743,hand_wash
-4.631665402675,2.33726998430137,-5.822292499785,3.4087730960934053,-4.173411364375,5.672492246652576,hand_wash
-4.460762799525001,1.917326668946773,-4.731813154885,3.160753859498408,-5.64953670825,5.857379054667899,hand_wash
