mean_x,std_x,mean_y,std_y,mean_z,std_z,Activity
-3.3914374721114995,2.2393474471032664,-5.3171589024140005,6.515532712289794,-2.4035308437999996,7.596209491030714,hand_wash
-3.70721181705,1.8351743515574648,-4.65190930042,2.9621480741690305,-5.78496309876,6.203480019068603,hand_wash
-4.764193810276001,1.9304533414996559,-6.323219790625001,4.374838613912699,-1.7790324803124997,5.672383353714572,hand_wash
-4.1388931409725,1.7932302088172694,-5.4801190205,3.691230576189275,-6.26275154773575,5.364848118459268,hand_wash
