mean_x,std_x,mean_y,std_y,mean_z,std_z,Activity
-2.323507235925,1.7124897053018082,-6.650870474025001,5.530639319378315,-1.4435950170499998,6.697213374580993,hand_wash
-3.7348144257,1.3431311529773586,-5.896397380000001,2.0199814516179484,-7.755252877969999,2.5768316716009267,hand_wash
-4.7559728948225,1.6266193429455191,-5.7705660638985,4.148067562412189,2.0897293916325004,4.983949439189588,hand_wash
-4.270682077,1.1348884955652687,-6.319052467749999,2.407895931210447,-5.215780715987501,4.567282020953166,hand_wash
