mean_x,std_x,mean_y,std_y,mean_z,std_z,Activity
-3.94153153943,2.288793055720616,-5.918144128975,5.518331035293283,-5.1694670277825,6.535347534627744,hand_wash
-4.080364841575,2.6399510178417587,-6.188398169675,3.4788236292631107,-4.215258338235,6.4080855175787415,hand_wash
-5.173975657799999,2.603374089845125,-6.79881079549,5.93716987724553,-1.1177466311874997,5.17200266716356,hand_wash
-3.8633940402125,1.8263128462942209,-7.110322025625001,3.0852698428885708,-6.2724244581874995,4.352351641470013,hand_wash
-4.2008043758974996,2.3796082653876174,-6.736103229003249,4.241418311520351,-3.5852424382225,5.248972470112743,hand_wash
-3.94861481142,2.087308244368833,-4.3641297629224995,3.3401705931879015,-7.322089633155,5.474457137280581,hand_wash
