mean_x,std_x,mean_y,std_y,mean_z,std_z,Activity
-1.7323296040065004,1.6914123383520454,-6.490724453375,5.311288715867175,-2.30437701205,6.916586219542533,hand_wash
-4.631955786625,1.6196003949761097,-4.8567493499375,2.362564834825195,-3.68177969715,6.18977186440578,hand_wash
-3.937986921,1.0807424796469067,-5.094209533525,2.246222553962915,-7.647599748799999,3.1917872630519466,hand_wash
-4.492814131925001,1.616880779162795,-4.477557883925,3.076473982035627,-5.670957186202499,5.918001892502913,hand_wash
