mean_x,std_x,mean_y,std_y,mean_z,std_z,Activity
-2.94118875355125,2.1709612783046133,-5.765108407651751,4.995668343335678,-5.459623676700001,6.927009611903621,hand_wash
-4.412847437125,1.9356189803301211,-5.634897194425,4.2917212579184065,-5.8963764170425,4.78290373076244,hand_wash
-4.336018194025,2.1870337703896188,-3.07441172170825,3.212170346338341,-7.164793745040002,5.787402329029427,hand_wash
-4.7644931808525,2.1096812791495125,-5.620209712125,4.973248070648107,-2.7344686457250003,6.076825261453308,hand_wash
-3.7008530271175006,1.4469182933490399,-2.750757767275,4.033325885207079,-8.30619120755,4.519190337607768,hand_wash
-4.4313459576000005,1.6612990387898994,-3.9415944122675,4.48559466611414,-4.7671905745875005,6.311032329509746,hand_wash
-4.6117657919,1.579702262290304,-6.53874461526,4.261470333880619,-1.75017249223325,4.923796732357461,hand_wash
