mean_x,std_x,mean_y,std_y,mean_z,std_z,Activity
-4.4256997137125,1.7356177392964287,-4.95735511822,7.3766645175189485,4.642541780765,2.8091807325676608,hand_wash
-3.94924949995,1.134582769592019,-5.385943870549999,2.4141693138430886,-7.630660961005,3.3380817916664816,hand_wash
-4.961794885750001,1.8130733993901216,-5.84030603144525,3.701859847319524,-1.7989350876502501,5.745140290973512,hand_wash
-4.41889485265,1.5280671685202414,-6.513300532907499,3.6269831515136515,-2.9550828486317497,5.249071652851606,hand_wash
-5.186187268,1.850440270464526,-5.862028831315,3.705103419017423,0.2670985760374998,5.329766550204105,hand_wash
-4.198319553625001,1.3645868185894805,-5.76625201055325,2.630446333525773,-5.7086697422,5.086293823680732,hand_wash
-4.28031304575,1.5127280420542497,-6.163510914234999,3.2607274535535598,-4.084271715596,5.4239015219067594,hand_wash
-4.28902193035,1.5787468671710974,-6.134977257835001,3.4299394593669876,-5.541503398215,4.846917232341115,hand_wash
-4.0279887579124996,1.521187479383778,-6.301904121965,3.031357534401763,-5.28991855609,5.0451967969689795,hand_wash
