mean_x,std_x,mean_y,std_y,mean_z,std_z,Activity
-3.8714323240365003,2.1944612737644813,-6.02091145839825,4.145660154455175,-2.81711777825,6.531433453322316,hand_wash
-3.08156983605,1.442915740555149,-4.3430356087525,2.843524926617006,-9.41808799425,2.071083922943558,hand_wash
-3.880859703425,1.469542047159282,-6.2682870246075,4.074472705644955,-2.2768821903825,6.01570865434325,hand_wash
-4.846968682575,1.977234073123731,-4.6788293068249995,2.665679653806532,-3.5717764653649997,6.503935190658577,hand_wash
-4.541774329725,1.6485067991320088,-5.966523549584999,3.8672884807942953,-0.8165130499500002,5.929455557837905,hand_wash
