mean_x,std_x,mean_y,std_y,mean_z,std_z,Activity
0.22990092081575,1.7576747445099774,-6.4525987396707505,4.768596827541323,-1.74693920859,6.450787812500598,hand_wash
-1.09497299499,3.208539139761202,-6.219491496749999,2.7960082188439364,-6.8547674487725,3.4352054419859455,hand_wash
-4.58755512175,0.8248233530514564,-5.338794919750001,1.649826181845122,-5.4975787271900005,4.972356565572121,hand_wash
-4.8047804045,1.183408063839828,-5.9635387590525,1.9726452034356459,-3.03334313335,5.3939056931715506,hand_wash
-4.353729365375,1.3211811868701764,-5.7180283026000005,1.9474297614257023,-5.438376874309999,4.9178508993068535,hand_wash
-3.86388500675,1.0237922352565108,-3.9319933664,3.0136143052406874,4.3111399244749995,4.861896110926334,hand_wash
