mean_x,std_x,mean_y,std_y,mean_z,std_z,Activity
-3.0902068739569994,2.397065900888416,-5.704858689510001,6.0902439930007075,-1.8503052534567501,7.406482131672155,hand_wash
-2.766295464855,2.666281620805091,-8.033287693675,3.86013602270749,-4.823368753777499,6.483885284223057,hand_wash
-2.7703220829974997,2.2732808691705957,-6.723286867685,5.8834492480908755,-2.9061885514600005,6.460026844449972,hand_wash
-3.05241346523,2.394756226199517,-5.951824113973251,3.3974953848612013,-6.6484844186025,5.365138869328662,hand_wash
-5.1423284764099995,2.1690072066561488,-6.722005498354999,4.12309803341986,-1.5268159742575003,5.095084497117925,hand_wash
