mean_x,std_x,mean_y,std_y,mean_z,std_z,Activity
-2.736351729065,1.9556630453517185,-5.769434396865,4.3853990959961076,-3.8465840078925004,6.747333617916949,hand_wash
-3.3874557490949995,1.0735085121578827,-3.7927679024999996,2.288529969618203,-9.555945315,1.7078871840818264,hand_wash
-4.949697052095,2.1916490513400584,-5.066421314025,2.5721673696065634,-2.026587667485,6.382397319025715,hand_wash
-4.14666197835,2.034447968469319,-4.50992357205175,2.700648361638104,-5.11646226774675,6.363035358067381,hand_wash
-3.9669696507500003,1.8339263037886848,-4.19456236820825,2.8796283855784157,-6.2466689800249995,5.958971040279181,hand_wash
