mean_x,std_x,mean_y,std_y,mean_z,std_z,Activity
1.39351516688825,1.9999468226263344,-1.518148988785,3.288429579047517,5.762024814077501,5.221662979312905,not_hand_wash
1.53696187153425,2.28084359126524,-4.7245771917825,4.5670398562097265,0.7854885634750002,6.241004722233798,not_hand_wash
0.29130323422625,1.152426091116875,-2.849435573975,2.9302796651991896,6.87358628145,3.21832832386546,not_hand_wash
3.5875716103499995,2.3968374717871193,-6.92734551125,1.907058560565334,0.4414050834000001,4.248661524075052,not_hand_wash
1.100316877275,1.7132857443216005,-5.506027151224999,1.839761445719207,5.877734199375001,1.8666709144906175,not_hand_wash
2.1792372508455,3.1975362456604066,-4.8716912610600005,2.915399222380601,3.2079909190125,4.8234998542553855,not_hand_wash
1.9790166138,0.8235454435195376,-6.61577742575,1.9681458892706958,2.7294510634124998,4.84039661549061,not_hand_wash
