mean_x,std_x,mean_y,std_y,mean_z,std_z,Activity
1.3519945144225003,4.046147324514342,-4.74641976745,5.434508708040419,-3.5877601916217503,8.374038331151592,not_hand_wash
2.7414351467225,4.962930011918639,-4.3059187953724996,6.706655774066337,-6.7641428957375,7.8326414499624635,not_hand_wash
2.8590904742225,3.122521430817903,-3.330151909403,5.95971194528009,-7.64141161644,6.550390247278761,not_hand_wash
2.7530510039809997,3.7419866074835397,-3.8236846012850005,5.951489009356065,-7.21443349952125,5.850662112160426,not_hand_wash
2.742701527985,3.6146711507409925,-5.043216582142501,6.026907542976887,-6.40012386328825,6.397378915813762,not_hand_wash
2.97435979395,3.9002312201764084,-4.68196080617375,7.112717865306083,-6.937204015625,6.440867179207889,not_hand_wash
2.8074897981674996,3.8564868923800106,-4.08532851505575,6.857068407767235,-6.8798612400525005,6.985291653912823,not_hand_wash
2.4228556420299996,2.9291042980434576,-6.245561259175,5.539797429956702,-4.585193052549999,6.195451754003836,not_hand_wash
