mean_x,std_x,mean_y,std_y,mean_z,std_z,Activity
-3.3495665410130004,2.2095135864956004,-5.63860645323,4.854068550046449,-1.862307329151,7.3935224166457205,hand_wash
-3.40462806048,2.7577842954224665,-4.7677055176400005,4.363692049959402,-2.4907963865299996,7.908560000562854,hand_wash
-2.63289886514,1.8158583072497227,-5.546122760200001,3.161191138578574,-8.7955355905,2.4334378365376717,hand_wash
-2.10906617144,1.651428072699813,-5.6544375285,3.2597798998088408,-6.3298270411,5.7887974321319655,hand_wash
-3.2577474834449998,2.4168824568457667,-3.81805630459,3.9132713326498,-2.012193646199999,8.107617366118102,hand_wash
-1.9754839533500002,1.4416600478609722,-4.326123777285,2.3244370075328713,-9.8434943635,1.9855730527643152,hand_wash
-2.1009949587900003,1.5704446525350233,-6.49904117605,3.7425687451463734,-3.5033028700500006,6.312465400765942,hand_wash
-3.3355676557250002,2.172943407918392,-4.645763087775,4.212423037874278,-0.23756199029999947,7.180709290115832,hand_wash
-2.38900804093,2.1189623382898257,-4.910574415,3.217060358742743,-5.642785779,6.800660901299813,hand_wash
