mean_x,std_x,mean_y,std_y,mean_z,std_z,Activity
-0.7213978466150001,1.7142243981886756,-5.336846002699999,5.771441440131306,0.30592181407999985,7.58489382176519,hand_wash
-0.970875059825,2.146374537583969,-7.6275145093,4.3822536513113715,-3.5002731428100002,5.665937619161741,hand_wash
-3.893966439,0.7766977400913236,-4.625309630499999,1.2407804856797655,-8.7131170075,1.5249379498761066,hand_wash
-4.242699267,1.4267654360203241,-4.73822280535,2.261327119532366,-5.456692756500001,6.16310140578374,hand_wash
-4.987849711,1.5224993410383163,-6.1870479543,3.7236146166893582,2.5936325288,3.7142193502505108,hand_wash
-3.9130547644,1.3250641335952449,-4.4991759024,2.1371027451082583,-8.941607826,1.6906330031356516,hand_wash
-5.290274835030001,2.3279058086098354,-4.263829315820001,3.1959827221205397,1.6600419560500002,5.9947735092822905,hand_wash
-4.1572749015,1.2032471877195512,-4.9976513592,2.3156925197840343,-6.13548918425,5.739826327220748,hand_wash
-4.7064648625,1.3372310938502627,-5.540692067719999,3.0311858061424877,-0.3156216677100002,6.413312188866336,hand_wash
