mean_x,std_x,mean_y,std_y,mean_z,std_z,Activity
-1.1513936668284999,1.8029072900882495,-5.84236272989,6.43396767639119,-1.1586505737000004,7.724540932473213,hand_wash
-1.4251264335500002,1.855142718324855,-8.7816684321,2.436140625575632,-4.12695396,6.550918043221721,hand_wash
-0.2818219482,1.3456956313473567,-6.694462794955,3.7828746579023824,-7.055613771020001,4.426733246615618,hand_wash
-3.139427531023,1.9857463824033883,-5.590741989349999,2.33850698875249,-6.852791557799999,4.221939646771638,hand_wash
-3.4454810829999998,1.4040997924314562,-4.8121331210700005,2.8144550939923705,-7.05820636418,4.814558264400982,hand_wash
-4.2418490129999995,1.711859491732747,-5.539273044000001,2.280679819702616,-3.5653578021250003,6.057369293404012,hand_wash
-4.61520263465,2.1777654415025682,-4.2199824895,2.9211090529128567,-1.9983504338,7.0189481261749025,hand_wash
-2.8676227434499997,1.3240865228369636,-3.9276104717,2.765124347264893,-9.162524423899999,3.0842430304573343,hand_wash
-3.9647752101500005,1.812925451532944,-5.311051587150001,2.199282093663455,-4.74377326693,5.887297726239821,hand_wash
