mean_x,std_x,mean_y,std_y,mean_z,std_z,Activity
-2.2353316028,1.431302345231214,-5.041408340699999,6.734413706044423,1.5721028001499997,6.991585653171862,hand_wash
-1.80597645097,1.1674170372668746,-7.521822318100001,3.3659290402327597,-6.56261697525,3.8665140423126276,hand_wash
-2.0613873210585,1.342950732508989,-7.5475388272999995,3.04057146508065,-3.67609749035,5.058742160594246,hand_wash
-3.5707406146000005,1.1399259345651604,-5.96877783935,1.7720078948216331,-5.7666142279,5.215747974746527,hand_wash
-3.7178307444999996,0.6596047401954157,-5.065095093,1.2485070321067595,-8.4741060245,1.355785325069584,hand_wash
-5.6375227285000005,0.9924316753440577,-5.198731177000001,2.170651586425579,2.04413720245,4.619884683940951,hand_wash
-4.1146615245,1.070509791882179,-6.1175085605,1.8373141803419002,-6.2185843728,3.85561520472806,hand_wash
-4.8551776124999995,1.3679790719751312,-5.53175267385,2.1015408405443834,-4.772836835650001,5.12549105985761,hand_wash
