mean_x,std_x,mean_y,std_y,mean_z,std_z,Activity
-0.6419490642664999,1.4824195732466905,-4.791583829065,6.160153947421255,1.6014777119499997,6.823323488746747,hand_wash
0.35754647401,1.468458950881653,-8.535987305999999,2.6685697164533315,-3.947495136315,3.812370003347095,hand_wash
-3.663882908925,1.676244012667919,-5.564294992,1.2215449848774171,-8.088615633,1.3523897312535327,hand_wash
-4.846088512,1.007546475516244,-5.378657050395,2.4574839103394464,-2.3191333089999997,6.116129335388666,hand_wash
-4.389765425999999,0.9882160630614979,-4.03450023233,2.6674498462795486,-2.5894292580435003,7.2448961077150384,hand_wash
-4.4333128878000005,1.2070099245297556,-5.24206307735,2.755468901787367,-3.82135548265,6.096794845548537,hand_wash
-3.9325322505000004,0.8762424812100597,-6.439453122500001,1.917265628094285,-6.16206791975,3.34028719536621,hand_wash
-4.745725185,1.112175445958242,-4.24017851395,3.502919189000585,-2.6469815531500003,6.6414575012019625,hand_wash
-4.6652585185,1.1398842800690006,-4.88669607964,2.349236219841016,-3.6018279746350004,6.208942943378023,hand_wash
