mean_x,std_x,mean_y,std_y,mean_z,std_z,Activity
-3.4046220542699994,2.0853457453140276,-5.4451906710215,5.664220010046521,-0.5613027826499996,7.352176858260738,hand_wash
-3.378252889953,2.3886266071885784,-5.189127133806501,7.280200765431627,-4.24575890495,7.403954177767345,hand_wash
-4.0166393635,2.251520907179449,-4.73870181605,3.133158991844616,-3.6317477313,7.146840355495361,hand_wash
-3.3977842705999994,1.2210054347097057,-4.56511678479,2.785840561723184,-7.938178466219999,4.094278346570219,hand_wash
-4.9041737101519995,1.9092548607567632,-7.77507164915,5.026344345935554,0.040044718399999936,3.710617561221595,hand_wash
-4.6242139104,1.94612108973984,-4.871367932100001,2.9788475894507322,-3.5981096790249993,6.640295989684694,hand_wash
-4.033368574644999,1.97919012846918,-4.55677014675,3.2008548985345597,-7.972924244900001,4.895720381234527,hand_wash
-4.2444177073,1.5836451577436423,-6.40346789425,3.9191386361324683,-4.5525788505715,5.278349037833334,hand_wash
-3.5945111722500003,1.5857811841821468,-4.54876479745,2.5367920415703953,-8.8406337782,3.2195642785823027,hand_wash
