mean_x,std_x,mean_y,std_y,mean_z,std_z,Activity
-2.6102120374499997,1.6305737698756932,-5.886329329274999,6.076010882551629,0.8726492971500002,7.312907236822784,hand_wash
-2.9155530845650004,1.8767541895250461,-4.69135826028,2.9693981720352536,-9.235488706,2.3060190340141844,hand_wash
-4.0568337814,1.646014299056885,-5.61268638945,4.680655111051182,-3.04699777325,6.644248930286216,hand_wash
-5.557660812,2.003616696967346,-4.86279380183,3.6442304300966866,0.8407656064,6.158851053514833,hand_wash
-4.0092387580399995,1.7572873652388687,-5.9957338373999995,2.5454340157131927,-7.507051009605,3.4281974621091007,hand_wash
-4.9924601245,1.1419263178227141,-7.569878343199999,4.344282702709226,1.0265592575125,2.1821167260824756,hand_wash
-4.39128626525,1.4895183932508995,-6.20683082766,3.0973201293244728,-3.7612105449349995,5.576391550488518,hand_wash
-4.237352382865001,1.864635294848992,-3.8030455384800006,2.8408743942665406,-4.0753951434,7.223386188583442,hand_wash
