mean_x,std_x,mean_y,std_y,mean_z,std_z,Activity
-4.2677751178,2.0258920817817674,-7.00283956323,4.494863512250942,-1.3189851387200002,6.890395540421916,hand_wash
-2.4930297267449997,2.3154885088165145,-5.822502042900001,5.469330097522692,-8.057839661112501,4.8359795410825415,hand_wash
-4.24621993287,3.0443222465220594,-6.854563868850001,2.9122285643224597,-3.20212912333,6.68065407320429,hand_wash
-3.4414694441250004,2.015719657799533,-4.514563949475,3.6315816083122425,-8.965306549049998,3.712838425847826,hand_wash
-4.047253698665,2.452841926332218,-7.566615085800001,4.026390042754611,-2.500053106975,5.949041940901997,hand_wash
-3.9964732995,1.5359155207440123,-4.851393471765,3.238408994098264,-7.846976111335,4.062276595285384,hand_wash
-4.637392488000001,2.15592122219243,-5.0532457347549995,2.978241628947458,-4.00950817565,6.06119269108478,hand_wash
-5.0786209662,1.904221650223179,-3.73717051595,3.5886988322911972,-2.4101740103,7.066914511455453,hand_wash
