mean_x,std_x,mean_y,std_y,mean_z,std_z,Activity
-1.9423907760065005,1.6399965402192382,-5.278239828299999,6.139298084007087,0.27798395028500067,7.481881053621782,hand_wash
-1.5222684320065003,1.7198384046831543,-7.70320907845,3.9894033906069644,-4.886737974385,5.151309184275806,hand_wash
-3.6045822242499996,1.1405919142670435,-5.6895126110000005,1.9353162346223445,-7.879925624,2.0496133391817293,hand_wash
-5.659329349,1.3553012656115435,-4.0239860888750005,2.4600947101937605,0.5163662297000002,6.098538944879956,hand_wash
-4.20842055,1.0977890751437422,-4.65978592455,2.16559687406992,-7.4257940031,4.0503409428875985,hand_wash
-3.667553292,0.9948534643565297,-5.5286331425,2.2466044571848163,-7.8694054945,1.9804175269089852,hand_wash
-4.96512693935,1.8984756854416516,-4.4206013304,3.6870847149688246,-2.4338667439050004,6.6921113878363485,hand_wash
-4.0205013245000005,1.0904739350897594,-4.53451443745,2.3185838769791522,-8.9080476285,2.091484758133498,hand_wash
-5.247685401,1.427277443880386,-4.87773271075,2.57132346968542,-2.3009611067,6.100802525869306,hand_wash
