mean_x,std_x,mean_y,std_y,mean_z,std_z,Activity
-1.666448606855,2.0698202788886273,-5.455950260550001,6.4313578046845885,2.2310205688049995,6.062732214638065,hand_wash
-2.0288809232749996,2.198279878629856,-6.382709101210001,2.65416086091517,-7.64595614165,3.0117603369804082,hand_wash
-4.309789715,0.9564219969897142,-5.411355013,1.7267637535110945,-7.005515962699999,3.7815228341681295,hand_wash
-4.519629383,1.5328898326298812,-4.344565419706501,2.5603194387754193,-5.339037400845,6.054339498204919,hand_wash
-5.198581492999999,1.5425367477964176,-4.7502278419,3.134902920043855,-1.2227053840000002,6.3737048855224,hand_wash
-4.1421743090000005,1.380943243934483,-4.4319597096,2.311278581863745,-6.1540445925850005,5.627063102499708,hand_wash
-4.6163702162375,1.5926745875194024,-4.64264357716,2.596856145481047,-5.0966733877965,6.247660925624747,hand_wash
-3.825786222995,1.8251232440101028,-4.9305668355000005,1.764222359232415,-8.643284160999999,2.799922321597496,hand_wash
-4.7093209102,1.7673228436874824,-5.221938937015,2.8183349781353946,-4.179141439957,5.709452946421885,hand_wash
