mean_x,std_x,mean_y,std_y,mean_z,std_z,Activity
-2.92448650755,1.8576302200952846,-5.982447435085,5.0459817907462785,-1.7262881442300004,6.899416018537398,hand_wash
-2.3899480670315,2.1111497667696475,-5.67065781045,4.098237635925166,-3.1206086617000004,7.398444381139642,hand_wash
-3.37947434385,1.2259071569092659,-4.6626659396,2.339209166596486,-9.0177155955,1.8680161906644244,hand_wash
-3.6354600248499995,1.7653560942602144,-4.29816194052,2.600758990669923,-9.2229327985,2.170119440726797,hand_wash
-4.7078779227035,1.7651564812920655,-4.488374356215001,3.8918368184818095,1.20222195775,6.277793050493612,hand_wash
-3.0057135848435,1.5653193875749092,-5.1941446955,3.524447895354062,-6.1743962756999995,5.596298312016699,hand_wash
-3.768952408865,1.4019027914672584,-7.780334720999999,3.180863742928063,-1.716354830655,4.4893519024682265,hand_wash
