mean_x,std_x,mean_y,std_y,mean_z,std_z,Activity
-2.292039668835,1.8237251046663279,-5.75175318945,6.5826799308879345,0.46225076170000023,6.976416425362746,hand_wash
-2.3549748030149997,1.5975027842364964,-7.5499877586,4.046359766817448,-3.3494407958,5.827464014861271,hand_wash
-3.2628488657,1.4587082228249206,-6.292752151000001,2.2730081089503513,-7.31681460444,3.1686339887460506,hand_wash
-4.2067799857,1.0205373848630057,-5.500042608999999,1.64280715182915,-8.1936911515,1.6990763772223834,hand_wash
-4.840088969,1.3796311196058333,-4.802846453088501,3.0677208501069115,0.5036366910000004,6.380929841938799,hand_wash
-4.671856820645001,1.8405088266661456,-6.7382856747085,4.8172718497225215,3.6758220922650002,2.0078341127569246,hand_wash
-3.9548179274999997,1.068679647899044,-6.352944986499999,2.1480985894434013,-7.070528735175,2.3612143797864036,hand_wash
-4.5865462265,1.1134616241366009,-6.285159948999999,2.647342936273997,-3.3610326967999997,5.416167188861925,hand_wash
-4.778536992499999,0.8082311144929909,-5.8474941007000005,2.6617413890280983,-2.03351528188,5.863127106595906,hand_wash
