mean_x,std_x,mean_y,std_y,mean_z,std_z,Activity
-2.1876587324,1.4501848917036384,-5.0308044079,6.491492367830461,3.0915630632149997,6.172670930217658,hand_wash
-1.326804893245,1.6815644405757253,-7.36716388395,2.940204749239847,-5.6906801612999995,4.426097656106168,hand_wash
-4.4275768155,0.7601203439940448,-5.461500753499999,1.3003462118404758,-7.8878710775,1.2137399618755018,hand_wash
-4.959492678,0.8820531321909747,-6.242319048999999,2.067591967093619,-1.604687037425,5.1808404407873985,hand_wash
-4.838322647,0.9452381825612828,-5.20009037305,2.524173419288601,-3.77664041625,5.914385222956081,hand_wash
-4.75550288735,1.1606813816207922,-4.64586486745,2.990106691867414,-3.58121880185,6.293940214839619,hand_wash
-4.842304374,0.8836170135444446,-5.700853021999999,2.1681276811981536,-3.55734647615,5.695835699326898,hand_wash
