mean_x,std_x,median_x,rms_x,mean_y,std_y,median_y,rms_y,mean_z,std_z,median_z,rms_z,Activity
-2.92448650755,1.8576302200952846,-2.93629395,3.462103033891423,-5.982447435085,5.0459817907462785,-6.0019187,7.818203111005456,-1.7262881442300004,6.899416018537398,-1.06099365,7.095350762772425,hand_wash
-2.3899480670315,2.1111497667696475,-2.0285815,3.185360314650523,-5.67065781045,4.098237635925166,-5.288801899999999,6.990560347005704,-3.1206086617000004,7.398444381139642,-4.71040465,8.01258340262301,hand_wash
-3.37947434385,1.2259071569092659,-3.62965215,3.5939088686713996,-4.6626659396,2.339209166596486,-5.197791,5.213923061550633,-9.0177155955,1.8680161906644244,-8.651409000000001,9.208215442063974,hand_wash
-3.6354600248499995,1.7653560942602144,-3.7793406999999997,4.039488745017906,-4.29816194052,2.600758990669923,-4.57867835,5.020390787363802,-9.2229327985,2.170119440726797,-9.085506500000001,9.473561141446881,hand_wash
-4.7078779227035,1.7651564812920655,-5.07205275,5.026361810644869,-4.488374356215001,3.8918368184818095,-3.1662158,5.9343210407013345,1.20222195775,6.277793050493612,4.03860165,6.376438644933235,hand_wash
-3.0057135848435,1.5653193875749092,-2.9165350500000002,3.3870765883435623,-5.1941446955,3.524447895354062,-5.26125915,6.272062134579116,-6.1743962756999995,5.596298312016699,-8.384364999999999,8.323769061697567,hand_wash
-3.768952408865,1.4019027914672584,-3.7344342,4.020013313389566,-7.780334720999999,3.180863742928063,-7.89278665,8.402434947746821,-1.716354830655,4.4893519024682265,-0.9687854,4.795767196850454,hand_wash
