mean_x,std_x,median_x,rms_x,mean_y,std_y,median_y,rms_y,mean_z,std_z,median_z,rms_z,Activity
-3.3495665410130004,2.2095135864956004,-3.07161255,4.009630475509919,-5.63860645323,4.854068550046449,-6.02167785,7.432230776524252,-1.862307329151,7.3935224166457205,-1.25319395,7.6065130937260035,hand_wash
-3.40462806048,2.7577842954224665,-3.4697845999999997,4.377081171190021,-4.7677055176400005,4.363692049959402,-4.71519465,6.455820255264191,-2.4907963865299996,7.908560000562854,-3.2248938000000003,8.27264536380239,hand_wash
-2.63289886514,1.8158583072497227,-2.61236755,3.1957802050678152,-5.546122760200001,3.161191138578574,-5.107379,6.379862180232661,-8.7955355905,2.4334378365376717,-8.741821,9.12433328685027,hand_wash
-2.10906617144,1.651428072699813,-2.1255797999999997,2.676142507680989,-5.6544375285,3.2597798998088408,-6.03485035,6.522706335098257,-6.3298270411,5.7887974321319655,-7.7951898,8.567924789699495,hand_wash
-3.2577474834449998,2.4168824568457667,-3.31829965,4.0527808813270445,-3.81805630459,3.9132713326498,-3.2620166,5.460281861345941,-2.012193646199999,8.107617366118102,-5.376818699999999,8.333889567807493,hand_wash
-1.9754839533500002,1.4416600478609722,-1.9824774,2.4434665180996147,-4.326123777285,2.3244370075328713,-4.27271485,4.908292911121856,-9.8434943635,1.9855730527643152,-10.03812575,10.040775325161935,hand_wash
-2.1009949587900003,1.5704446525350233,-1.9106268000000002,2.6207145478864087,-6.49904117605,3.7425687451463734,-6.5006819,7.494953163034385,-3.5033028700500006,6.312465400765942,-2.8716285,7.205630738387055,hand_wash
-3.3355676557250002,2.172943407918392,-2.9806019,3.9779500027859425,-4.645763087775,4.212423037874278,-4.7481263,6.264096102271786,-0.23756199029999947,7.180709290115832,3.4572106,7.166673473714659,hand_wash
-2.38900804093,2.1189623382898257,-2.38304445,3.189813600159644,-4.910574415,3.217060358742743,-4.19607435,5.866129136857422,-5.642785779,6.800660901299813,-8.4292715,8.823761958409818,hand_wash
