mean_x,std_x,median_x,rms_x,mean_y,std_y,median_y,rms_y,mean_z,std_z,median_z,rms_z,Activity
-1.666448606855,2.0698202788886273,-1.8585352,2.6532595361654825,-5.455950260550001,6.4313578046845885,-6.4491890000000005,8.421576137601182,2.2310205688049995,6.062732214638065,4.6804672499999995,6.445959282783989,hand_wash
-2.0288809232749996,2.198279878629856,-2.2710773,2.98741193234113,-6.382709101210001,2.65416086091517,-6.412066,6.910016099612565,-7.64595614165,3.0117603369804082,-7.826325199999999,8.214985827486657,hand_wash
-4.309789715,0.9564219969897142,-4.113446,4.414120151135892,-5.411355013,1.7267637535110945,-5.3654422,5.67887027249767,-7.005515962699999,3.7815228341681295,-8.274193499999999,7.9564859878122585,hand_wash
-4.519629383,1.5328898326298812,-4.3511517,4.771273649924319,-4.344565419706501,2.5603194387754193,-4.2391844,5.0396138876443635,-5.339037400845,6.054339498204919,-8.1742015,8.060835688273785,hand_wash
-5.198581492999999,1.5425367477964176,-5.3271223,5.421510127222207,-4.7502278419,3.134902920043855,-3.58654175,5.687103198155536,-1.2227053840000002,6.3737048855224,0.14310241499999998,6.47425685727374,hand_wash
-4.1421743090000005,1.380943243934483,-3.90867185,4.365212162987394,-4.4319597096,2.311278581863745,-4.0481817499999995,4.995754748492453,-6.1540445925850005,5.627063102499708,-8.678952500000001,8.329332795082733,hand_wash
-4.6163702162375,1.5926745875194024,-4.3206153,4.882090049700651,-4.64264357716,2.596856145481047,-4.77327395,5.316397550566179,-5.0966733877965,6.247660925624747,-7.8221337,8.050725453537927,hand_wash
-3.825786222995,1.8251232440101028,-4.04458935,4.236869092337546,-4.9305668355000005,1.764222359232415,-4.692441949999999,5.235208443747393,-8.643284160999999,2.799922321597496,-8.680748000000001,9.08332143380044,hand_wash
-4.7093209102,1.7673228436874824,-4.2828938,5.028470574528349,-5.221938937015,2.8183349781353946,-4.9421227000000005,5.93059383625703,-4.179141439957,5.709452946421885,-6.3695543,7.063999352904443,hand_wash
