mean_x,std_x,median_x,rms_x,mean_y,std_y,median_y,rms_y,mean_z,std_z,median_z,rms_z,Activity
-2.1876587324,1.4501848917036384,-2.56267085,2.6226650126294895,-5.0308044079,6.491492367830461,-5.6761965,8.19986394925789,3.0915630632149997,6.172670930217658,6.24980355,6.889783687063453,hand_wash
-1.326804893245,1.6815644405757253,-1.1232641,2.1386752670072626,-7.36716388395,2.940204749239847,-7.15272595,7.92948192762885,-5.6906801612999995,4.426097656106168,-6.392906,7.202515495109675,hand_wash
-4.4275768155,0.7601203439940448,-4.4451563499999995,4.492029661502691,-5.461500753499999,1.3003462118404758,-5.2774255,5.613415738191471,-7.8878710775,1.2137399618755018,-7.9879887499999995,7.980244921482003,hand_wash
-4.959492678,0.8820531321909747,-4.972659500000001,5.036933120709812,-6.242319048999999,2.067591967093619,-6.388714650000001,6.574200253200869,-1.604687037425,5.1808404407873985,-1.83039375,5.411277355912697,hand_wash
-4.838322647,0.9452381825612828,-4.885839750000001,4.929338077484236,-5.20009037305,2.524173419288601,-5.676795,5.777588950529207,-3.77664041625,5.914385222956081,-6.610253800000001,7.004860143953383,hand_wash
-4.75550288735,1.1606813816207922,-4.72956495,4.894410390934452,-4.64586486745,2.990106691867414,-4.777465299999999,5.520878073749931,-3.58121880185,6.293940214839619,-6.47194135,7.227775807090273,hand_wash
-4.842304374,0.8836170135444446,-4.9475117,4.921868220701526,-5.700853021999999,2.1681276811981536,-5.65104865,6.097294394419079,-3.55734647615,5.695835699326898,-5.9953325,6.703360764835422,hand_wash
