mean_x,std_x,median_x,rms_x,mean_y,std_y,median_y,rms_y,mean_z,std_z,median_z,rms_z,Activity
-2.2353316028,1.431302345231214,-2.18425775,2.652374529723031,-5.041408340699999,6.734413706044423,-5.852230199999999,8.398890663773264,1.5721028001499997,6.991585653171862,4.8762598,7.149081466185002,hand_wash
-1.80597645097,1.1674170372668746,-1.7184265,2.148859969301085,-7.521822318100001,3.3659290402327597,-7.26768665,8.237150107739332,-6.56261697525,3.8665140423126276,-6.91621765,7.612038015475434,hand_wash
-2.0613873210585,1.342950732508989,-2.0968396,2.458417534516348,-7.5475388272999995,3.04057146508065,-7.543713,8.134137434890834,-3.67609749035,5.058742160594246,-4.87865495,6.243125070402999,hand_wash
-3.5707406146000005,1.1399259345651604,-3.7290454000000004,3.7474154449922907,-5.96877783935,1.7720078948216331,-5.71751025,6.224999663849734,-5.7666142279,5.215747974746527,-7.55389175,7.766714006245551,hand_wash
-3.7178307444999996,0.6596047401954157,-3.71766915,3.7756017356139733,-5.065095093,1.2485070321067595,-4.904401200000001,5.215952862258881,-8.4741060245,1.355785325069584,-8.786129500000001,8.581342318827682,hand_wash
-5.6375227285000005,0.9924316753440577,-5.861810200000001,5.723780091987215,-5.198731177000001,2.170651586425579,-4.47868625,5.631605057069914,2.04413720245,4.619884683940951,4.6631028,5.041340568032251,hand_wash
-4.1146615245,1.070509791882179,-4.04698415,4.250964681062842,-6.1175085605,1.8373141803419002,-6.295309,6.386137781796584,-6.2185843728,3.85561520472806,-7.5233553,7.311787152641132,hand_wash
-4.8551776124999995,1.3679790719751312,-4.646338,5.0432885656658915,-5.53175267385,2.1015408405443834,-5.5462665,5.915630074607457,-4.772836835650001,5.12549105985761,-6.9240014,6.9942316784186085,hand_wash
