mean_x,std_x,median_x,rms_x,mean_y,std_y,median_y,rms_y,mean_z,std_z,median_z,rms_z,Activity
-0.6419490642664999,1.4824195732466905,-0.72988222,1.6120417343548556,-4.791583829065,6.160153947421255,-5.8582178,7.792113626199713,1.6014777119499997,6.823323488746747,3.79251335,6.9921159584774655,hand_wash
0.35754647401,1.468458950881653,0.413739625,1.5077895453442127,-8.535987305999999,2.6685697164533315,-8.183782,8.941405778629392,-3.947495136315,3.812370003347095,-4.718787000000001,5.481260080350065,hand_wash
-3.663882908925,1.676244012667919,-4.0727306500000005,4.027379171417529,-5.564294992,1.2215449848774171,-5.50555115,5.696146947483452,-8.088615633,1.3523897312535327,-8.2598235,8.200336337839198,hand_wash
-4.846088512,1.007546475516244,-4.70860835,4.9492068068491495,-5.378657050395,2.4574839103394464,-5.246290200000001,5.910920630451166,-2.3191333089999997,6.116129335388666,-2.88360345,6.526743610858257,hand_wash
-4.389765425999999,0.9882160630614979,-4.29127615,4.499080864761297,-4.03450023233,2.6674498462795486,-4.4253975,4.832898132971098,-2.5894292580435003,7.2448961077150384,-7.3491175,7.67666730397627,hand_wash
-4.4333128878000005,1.2070099245297556,-4.2739125,4.593892875792528,-5.24206307735,2.755468901787367,-5.2049763,5.918941723930879,-3.82135548265,6.096794845548537,-6.685696849999999,7.182465494281392,hand_wash
-3.9325322505000004,0.8762424812100597,-3.81826,4.028494977366903,-6.439453122500001,1.917265628094285,-6.5605575,6.717446275788398,-6.16206791975,3.34028719536621,-6.779102699999999,7.00519892668309,hand_wash
-4.745725185,1.112175445958242,-4.76189765,4.873669775746274,-4.24017851395,3.502919189000585,-4.848717000000001,5.494379351720119,-2.6469815531500003,6.6414575012019625,-5.98994375,7.13406786442958,hand_wash
-4.6652585185,1.1398842800690006,-4.72776865,4.801820127360613,-4.88669607964,2.349236219841016,-5.146897,5.419512416933721,-3.6018279746350004,6.208942943378023,-6.9701054,7.164592268274337,hand_wash
