mean_x,std_x,median_x,rms_x,mean_y,std_y,median_y,rms_y,mean_z,std_z,median_z,rms_z,Activity
-1.9423907760065005,1.6399965402192382,-2.0992345500000003,2.5394925940798783,-5.278239828299999,6.139298084007087,-5.2947895,8.084697999586876,0.27798395028500067,7.481881053621782,2.4980054000000003,7.468328223682855,hand_wash
-1.5222684320065003,1.7198384046831543,-1.4795232999999999,2.2935466196734504,-7.70320907845,3.9894033906069644,-8.17719575,8.670362900261782,-4.886737974385,5.151309184275806,-5.0181647,7.091086969621841,hand_wash
-3.6045822242499996,1.1405919142670435,-3.9056782,3.779875418144886,-5.6895126110000005,1.9353162346223445,-5.2732343,6.008100817569632,-7.879925624,2.0496133391817293,-8.320896999999999,8.140831536503056,hand_wash
-5.659329349,1.3553012656115435,-5.7258926500000005,5.818562192966418,-4.0239860888750005,2.4600947101937605,-3.40452025,4.7132016397208405,0.5163662297000002,6.098538944879956,4.6295725999999995,6.10514950341767,hand_wash
-4.20842055,1.0977890751437422,-4.061953,4.348553630220022,-4.65978592455,2.16559687406992,-4.16913035,5.136143069902823,-7.4257940031,4.0503409428875985,-8.705896,8.453735980106037,hand_wash
-3.667553292,0.9948534643565297,-3.6859351,3.799438366143675,-5.5286331425,2.2466044571848163,-6.0318568500000005,5.965549417568922,-7.8694054945,1.9804175269089852,-7.711963000000001,8.11356802829992,hand_wash
-4.96512693935,1.8984756854416516,-4.67088685,5.314007376964317,-4.4206013304,3.6870847149688246,-3.9428008500000002,5.7505075297067645,-2.4338667439050004,6.6921113878363485,-1.25199645,7.105219235193213,hand_wash
-4.0205013245000005,1.0904739350897594,-3.9960901,4.165047255002139,-4.53451443745,2.3185838769791522,-4.36911435,5.090262588713594,-8.9080476285,2.091484758133498,-9.06934025,9.149084626489236,hand_wash
-5.247685401,1.427277443880386,-5.1301318,5.43738331968321,-4.87773271075,2.57132346968542,-4.38587955,5.5109819688823904,-2.3009611067,6.100802525869306,-2.8913873,6.506006034188804,hand_wash
