mean_x,std_x,median_x,rms_x,mean_y,std_y,median_y,rms_y,mean_z,std_z,median_z,rms_z,Activity
-1.1513936668284999,1.8029072900882495,-1.1705657999999999,2.1353991896558515,-5.84236272989,6.43396767639119,-5.7348742999999995,8.678834174481626,-1.1586505737000004,7.724540932473213,0.8795709300000001,7.791832974743631,hand_wash
-1.4251264335500002,1.855142718324855,-1.25020015,2.3356652338102535,-8.7816684321,2.436140625575632,-8.9968905,9.111685227946793,-4.12695396,6.550918043221721,-5.74984315,7.728628827995464,hand_wash
-0.2818219482,1.3456956313473567,-0.16166382499999998,1.3715924537024355,-6.694462794955,3.7828746579023824,-6.5533725,7.684687507442952,-7.055613771020001,4.426733246615618,-8.164621499999999,8.323441180564421,hand_wash
-3.139427531023,1.9857463824033883,-3.13747565,3.712071924720367,-5.590741989349999,2.33850698875249,-5.6923627,6.057860006078318,-6.852791557799999,4.221939646771638,-8.817264,8.043407402570894,hand_wash
-3.4454810829999998,1.4040997924314562,-3.2183075,3.7192712511030144,-4.8121331210700005,2.8144550939923705,-5.17144585,5.571191691516098,-7.05820636418,4.814558264400982,-8.66937175,8.537115935973711,hand_wash
-4.2418490129999995,1.711859491732747,-4.54454945,4.572646241939933,-5.539273044000001,2.280679819702616,-5.7564297,5.988241711369356,-3.5653578021250003,6.057369293404012,-3.62486205,7.015699565978013,hand_wash
-4.61520263465,2.1777654415025682,-5.0229547,5.100886625430148,-4.2199824895,2.9211090529128567,-4.17571665,5.128202991321718,-1.9983504338,7.0189481261749025,1.5100598500000002,7.280982700859353,hand_wash
-2.8676227434499997,1.3240865228369636,-2.71116205,3.1571663391576936,-3.9276104717,2.765124347264893,-3.79071725,4.79935486393384,-9.162524423899999,3.0842430304573343,-9.673484,9.665239061406295,hand_wash
-3.9647752101500005,1.812925451532944,-3.6667749,4.357718171976226,-5.311051587150001,2.199282093663455,-5.40196655,5.746296762284358,-4.74377326693,5.887297726239821,-7.90775575,7.549195848091462,hand_wash
