mean_x,std_x,median_x,rms_x,mean_y,std_y,median_y,rms_y,mean_z,std_z,median_z,rms_z,Activity
-2.292039668835,1.8237251046663279,-2.2638922,2.9262243992244534,-5.75175318945,6.5826799308879345,-6.590495,8.72912833274322,0.46225076170000023,6.976416425362746,2.6961932,6.974289209379189,hand_wash
-2.3549748030149997,1.5975027842364964,-2.4962092,2.84344182158712,-7.5499877586,4.046359766817448,-7.411986799999999,8.561160983226294,-3.3494407958,5.827464014861271,-4.78045895,6.7088220877326785,hand_wash
-3.2628488657,1.4587082228249206,-3.268004,3.5725863532376834,-6.292752151000001,2.2730081089503513,-6.42344235,6.688756436584637,-7.31681460444,3.1686339887460506,-7.753875799999999,7.970308407057408,hand_wash
-4.2067799857,1.0205373848630057,-4.088897,4.328196728340753,-5.500042608999999,1.64280715182915,-5.47561335,5.738971158859925,-8.1936911515,1.6990763772223834,-8.16581925,8.367138155852714,hand_wash
-4.840088969,1.3796311196058333,-4.7205835,5.03193067757192,-4.802846453088501,3.0677208501069115,-4.9900233499999995,5.694838953829559,0.5036366910000004,6.380929841938799,3.4135016,6.384851935325346,hand_wash
-4.671856820645001,1.8405088266661456,-4.728966,5.019639581676957,-6.7382856747085,4.8172718497225215,-6.302493800000001,8.276144716457067,3.6758220922650002,2.0078341127569246,3.71886665,4.186037373126532,hand_wash
-3.9548179274999997,1.068679647899044,-4.0104604,4.0959676083387,-6.352944986499999,2.1480985894434013,-6.242019750000001,6.704563066577447,-7.070528735175,2.3612143797864036,-7.592211750000001,7.452505167761303,hand_wash
-4.5865462265,1.1134616241366009,-4.58286965,4.719110519187295,-6.285159948999999,2.647342936273997,-6.118676300000001,6.817376187628369,-3.3610326967999997,5.416167188861925,-5.62410465,6.36276146587114,hand_wash
-4.778536992499999,0.8082311144929909,-4.71459605,4.8460692458376355,-5.8474941007000005,2.6617413890280983,-5.89055035,6.422042521166938,-2.03351528188,5.863127106595906,-3.9493871499999997,6.191894909670117,hand_wash
