mean_x,std_x,median_x,rms_x,mean_y,std_y,median_y,rms_y,mean_z,std_z,median_z,rms_z,Activity
-2.7628825610075,1.7624158628522832,-2.7357110999999996,3.2759524485817306,-5.288843794777499,4.813334418530352,-5.466632199999999,7.147176816030499,-4.181419704425,7.411620669919269,-7.2431377999999995,8.5017093220682,hand_wash
-4.8072472967,1.9794007617367895,-4.69962685,5.197870610043572,-5.23774009564,4.20610443146009,-5.30796185,6.714239161036957,-1.103116083425,6.6876032676758825,1.9088306,6.769718787783987,hand_wash
-4.50084944127,1.55974685532022,-4.5092228500000004,4.762811556216568,-6.782806090299999,3.642153089517855,-6.48870665,7.696659950152177,-3.2402458760462496,5.146614941470671,-2.2489233,6.076233996449978,hand_wash
-4.3143193240575,1.6871770549713137,-4.381688499999999,4.631716877003664,-5.00493818307,3.2028129373081016,-5.07444765,5.939846117616324,-3.9183028441674996,6.446480630684239,-6.18932925,7.536996544983531,hand_wash
