mean_x,std_x,median_x,rms_x,mean_y,std_y,median_y,rms_y,mean_z,std_z,median_z,rms_z,Activity
-0.8430079578442499,2.0765929683917936,-0.6813830750000001,2.2387764911826364,-5.3226974131482505,5.74226214699871,-5.4223242,7.82446473443246,-3.09496699635,7.359841148380902,-6.27974135,7.975629397331153,hand_wash
-4.6353896563,2.0072890754341937,-4.399052149999999,5.050343916458522,-3.724195484175,2.6346790551325228,-3.3817676,4.560023233887583,-5.0260622799425,6.4877786300922216,-8.323292,8.200447878991696,hand_wash
-3.14032865047075,1.4968611981602775,-3.1362781,3.478024726178477,-4.240244366075,2.8609940506880416,-4.142784750000001,5.113168882865885,-9.051551170799998,2.6798736512473593,-9.347761,9.438980192652915,hand_wash
-4.258048334574999,2.1013285853400263,-3.7877234499999997,4.747158991289962,-4.0826490892525,2.8291371014699607,-3.98172,4.965081095313635,-4.59064771047675,6.7774651239175725,-8.244256,8.17882906190487,hand_wash
-4.483012527750001,1.4793539060333507,-4.14098885,4.720213775170711,-5.03440291105,3.327756032679808,-4.3242077,6.032535783838582,-2.547270923835,6.430954699860158,-1.6567548,6.909585701414338,hand_wash
