mean_x,std_x,median_x,rms_x,mean_y,std_y,median_y,rms_y,mean_z,std_z,median_z,rms_z,Activity
-3.462336038934,1.6661099871811684,-3.2189063,3.841452007986375,-5.9846508406645,4.931387479666655,-6.246809649999999,7.750731043139918,-2.8172165577125003,6.586179735549474,-3.81706235,7.155838751204473,hand_wash
-3.7078375139499995,1.6055865531910145,-3.66857115,4.039742867954995,-5.7657400519825,2.4883680255847076,-5.8971368,6.278555075748767,-6.55611747223575,4.60949176650184,-7.73052435,8.011053121739955,hand_wash
-3.935445195375,1.764787985630382,-3.8062848000000002,4.312124688415207,-4.9910380520499995,3.0758379844241186,-4.56849975,5.860681546985061,-5.253382538087501,6.056926963102209,-7.4712635,8.012033226169642,hand_wash
-3.76984156975,1.7032062146724922,-3.71407655,4.135863222132702,-6.002649423815001,2.6095762880200235,-6.05101685,6.5440556069776346,-5.919554240425,4.966876863004049,-6.9557357,7.7232968033831195,hand_wash
-4.42062227249,1.6600324615224287,-4.421206,4.721304881058794,-6.2952040430750005,2.7047213347856185,-5.9192907,6.850315514561735,-1.7096427651649997,5.689924596613402,-0.94663148,5.93440664218752,hand_wash
