mean_x,std_x,median_x,rms_x,mean_y,std_y,median_y,rms_y,mean_z,std_z,median_z,rms_z,Activity
-3.3541470179767505,1.508240602443923,-3.54702395,3.6768743463403237,-5.981788818232501,4.945816854218457,-6.118676300000001,7.757689672867435,-2.538187807925,6.654192835853115,-4.82536555,7.1140694359330094,hand_wash
-4.7326304320000006,1.1365645726034974,-4.57269085,4.866861451286716,-5.074902682625,1.8707460402334926,-4.88404375,5.407918153808921,-5.965724219675001,4.804645513544937,-8.0257105,7.656159117322949,hand_wash
-4.69927979875,1.483864893747192,-4.59544375,4.9274314822509675,-4.9977231742249995,2.4680202672112443,-4.71998475,5.57253381824217,-4.460439450639999,6.080337152955973,-7.2509218,7.5348253952369975,hand_wash
-4.31671435325,1.0016871535510277,-4.25475215,4.431127567364739,-5.4846096857,1.9446805849195028,-5.379213999999999,5.818356428184312,-6.7854735292249995,3.9612276163725535,-7.83590515,7.854600367552379,hand_wash
-5.23918606225,0.9673431468880436,-5.3504734,5.327521372720747,-4.263119788775,2.805733749519573,-4.2667272,5.101632273297947,0.5635720432024998,6.313740874880764,3.6092944,6.330977726499415,hand_wash
