mean_x,std_x,median_x,rms_x,mean_y,std_y,median_y,rms_y,mean_z,std_z,median_z,rms_z,Activity
-1.24177870277925,1.6293568239722487,-1.12985045,2.046993160064656,-7.1425110737437505,5.402521560091837,-7.3503150999999995,8.9515214096706,-2.8121570792325,6.358510424874043,-4.51161785,6.945344168898422,hand_wash
-4.02086655865,1.8250201955763192,-3.8104761,4.414718547081532,-5.5070749874625,2.2308207936323194,-5.5061499000000005,5.940706601685036,-3.2534244740375002,6.2329839339227355,-6.58211225,7.024082453032836,hand_wash
-4.150269482,1.1055079835806996,-4.0080653,4.2946279588838445,-5.72574923535,2.437881064539831,-5.25886415,6.221945855658088,-5.6047079351399995,4.890909813484738,-7.7652521,7.434645071881609,hand_wash
-5.38187532275,2.111973225025162,-5.0894165000000005,5.780472456087871,-5.9155096407175005,4.146761994637881,-5.8091199499999995,7.221211827802478,0.733007706285,5.105351230980435,2.9943732499999998,5.151383305595446,hand_wash
-4.2293829555,1.5214491116130435,-3.83562375,4.4940739385332735,-5.467117071025,2.3435133905187895,-5.65404245,5.947074401947986,-5.52522322537,5.083353182004681,-7.3664815,7.503597141653641,hand_wash
-5.377663097749999,1.060029890037116,-5.35945475,5.480886297147095,-4.1062220771875,3.6666790423913707,-2.1621039,5.501998146954827,2.048430281775,5.234626662334222,5.0720527,5.615058292001795,hand_wash
