mean_x,std_x,median_x,rms_x,mean_y,std_y,median_y,rms_y,mean_z,std_z,median_z,rms_z,Activity
-3.3914374721114995,2.2393474471032664,-3.5464252,4.062510113663452,-5.3171589024140005,6.515532712289794,-4.9876282,8.403464458312806,-2.4035308437999996,7.596209491030714,-0.511336655,7.95833545109428,hand_wash
-3.70721181705,1.8351743515574648,-3.47098205,4.135560989132912,-4.65190930042,2.9621480741690305,-4.62957265,5.512952525607684,-5.78496309876,6.203480019068603,-8.023315499999999,8.476600408780094,hand_wash
-4.764193810276001,1.9304533414996559,-4.6187952,5.139540460033374,-6.323219790625001,4.374838613912699,-5.3115547,7.685992023550948,-1.7790324803124997,5.672383353714572,-0.67000673,5.938050997189756,hand_wash
-4.1388931409725,1.7932302088172694,-3.9559735,4.509775141595143,-5.4801190205,3.691230576189275,-5.07804035,6.604757731175611,-6.26275154773575,5.364848118459268,-7.40300525,8.242068811558608,hand_wash
