mean_x,std_x,median_x,rms_x,mean_y,std_y,median_y,rms_y,mean_z,std_z,median_z,rms_z,Activity
-3.39410493183,2.3180295523179795,-3.27578795,4.108500473552203,-5.153728769301,6.43759947279415,-4.98942435,8.240145659040865,-2.316971819125,7.820723787091032,-2.7955864999999998,8.14734126345558,hand_wash
-3.51105073145,1.586799457633166,-3.368595,3.852157178291616,-4.156224093075,2.723836958244612,-4.2936711,4.9673874690342625,-9.200731024025,3.1489851176681465,-9.4926595,9.723413411944046,hand_wash
-4.2752326093475,1.4953481964815658,-4.04279305,4.528585863951031,-5.430664865645,3.995020324745608,-4.7415398500000006,6.738872888665707,-4.871460740310001,5.858171442472925,-7.8646455,7.6133768435670826,hand_wash
-3.8044136786375002,1.7195787271228467,-3.7368292,4.174101347533456,-5.156414172415,4.246332446255241,-4.3385777,6.676441268631964,-5.900025827668751,5.677125121129186,-8.130492499999999,8.182877246666482,hand_wash
-3.71813309288825,1.7956307705754755,-3.7170703,4.128043463434902,-5.146720322365,4.539793569935558,-5.00259715,6.859076571968639,-6.39563620817,5.548657066499313,-7.7664497,8.462552142277403,hand_wash
-5.0592542181999995,1.902376869182259,-5.042115000000001,5.404261596406412,-4.083987300335,3.312922475638763,-3.3266821,5.256136314876741,-1.6312477903499998,7.008806417686526,0.740659765,7.187595448800947,hand_wash
