mean_x,std_x,median_x,rms_x,mean_y,std_y,median_y,rms_y,mean_z,std_z,median_z,rms_z,Activity
-2.0400087818304997,1.564821850927779,-2.00942145,2.5698602270403246,-4.973656215655,4.162999904383334,-5.63488215,6.4826304795900205,-2.979691706550001,7.197506114183319,-6.6940794,7.781590241983309,hand_wash
-4.2759002245,0.8250287515141808,-4.17092655,4.3545715621174645,-5.107187555325,1.7032500233904486,-4.829556950000001,5.383044929762399,-5.90717496965,5.1219417405201355,-8.389752999999999,7.814308516904021,hand_wash
-4.647685085999999,1.1332725774134587,-4.53317315,4.7835209445038895,-4.958825088575001,2.6574849666622784,-4.71100355,5.624457044128507,-3.19445608163125,6.292742263022643,-6.57013735,7.050117611311895,hand_wash
-4.6448080775,1.1528678768655212,-4.7373486,4.785396917442052,-4.410473371619999,2.660355625813375,-4.337979,5.148987637140574,-1.7775116469249996,6.912589517751314,-3.6254607500000002,7.129094035098502,hand_wash
-4.316471858,0.9578011414013613,-4.3098375,4.421201066430879,-5.9262872267,2.2708928142084557,-5.71092415,6.345466261949324,-5.307997942815,4.612247460368314,-7.354506150000001,7.028121137972298,hand_wash
