mean_x,std_x,median_x,rms_x,mean_y,std_y,median_y,rms_y,mean_z,std_z,median_z,rms_z,Activity
-3.94153153943,2.288793055720616,-3.727848,4.556440287560735,-5.918144128975,5.518331035293283,-6.3366229999999995,8.087043798747759,-5.1694670277825,6.535347534627744,-6.56175495,8.326306493950332,hand_wash
-4.080364841575,2.6399510178417587,-3.80748235,4.858116431655751,-6.188398169675,3.4788236292631107,-6.1737614999999995,7.097057856277308,-4.215258338235,6.4080855175787415,-5.584587,7.663504678582809,hand_wash
-5.173975657799999,2.603374089845125,-5.2846107,5.790564468819485,-6.79881079549,5.93716987724553,-6.3444066,9.021401743563187,-1.1177466311874997,5.17200266716356,-0.13831237799999999,5.285082316454977,hand_wash
-3.8633940402125,1.8263128462942209,-3.5859429499999997,4.272340526685276,-7.110322025625001,3.0852698428885708,-7.047345,7.749307845641252,-6.2724244581874995,4.352351641470013,-7.0545299,7.631442588570523,hand_wash
-4.2008043758974996,2.3796082653876174,-3.7925135,4.826503554595075,-6.736103229003249,4.241418311520351,-6.3462032,7.957370289979908,-3.5852424382225,5.248972470112743,-3.43924795,6.35112557369582,hand_wash
-3.94861481142,2.087308244368833,-3.54223385,4.465145294019891,-4.3641297629224995,3.3401705931879015,-4.5325743,5.493129921114575,-7.322089633155,5.474457137280581,-8.968749500000001,9.138257675372719,hand_wash
