mean_x,std_x,median_x,rms_x,mean_y,std_y,median_y,rms_y,mean_z,std_z,median_z,rms_z,Activity
-1.847664765065,2.140044977816731,-1.99924255,2.8252801825436036,-5.919329680880001,4.935389028269529,-6.417455,7.702962648822805,-2.7074677864225003,6.877941187848368,-5.27622785,7.383643518653773,hand_wash
-4.414709549,1.2803093585791732,-4.2122404499999995,4.596167368097363,-4.87796021635325,2.2453833409336044,-4.887636199999999,5.368765021324537,-6.172276681772499,5.109759809494456,-8.260422,8.008830790683529,hand_wash
-4.670377900999999,1.5548436424493006,-4.3068438,4.921780637506411,-4.59109377575,2.7552114372962446,-3.974535,5.352602558268072,-3.6883749882925003,6.492160939355472,-6.9437603,7.45968453304819,hand_wash
-4.22107821961625,1.7558866672846007,-4.16493895,4.570878633205616,-4.78660520633,2.221822905604594,-4.76189765,5.275959171807059,-6.869978774398249,5.150744739037771,-8.209527999999999,8.582566882873152,hand_wash
