mean_x,std_x,median_x,rms_x,mean_y,std_y,median_y,rms_y,mean_z,std_z,median_z,rms_z,Activity
-2.323507235925,1.7124897053018082,-2.36268675,2.8851300341030726,-6.650870474025001,5.530639319378315,-7.0611165,8.645552580090433,-1.4435950170499998,6.697213374580993,-2.7806176999999996,6.84284311455819,hand_wash
-3.7348144257,1.3431311529773586,-3.8020935,3.968416571540829,-5.896397380000001,2.0199814516179484,-5.9258771,6.231984139508798,-7.755252877969999,2.5768316716009267,-7.96343995,8.17113263332374,hand_wash
-4.7559728948225,1.6266193429455191,-4.728966,5.025788887021988,-5.7705660638985,4.148067562412189,-5.45046565,7.103723040694744,2.0897293916325004,4.983949439189588,3.65958995,5.39857588282502,hand_wash
-4.270682077,1.1348884955652687,-4.345763,4.418537922257997,-6.319052467749999,2.407895931210447,-6.19890925,6.76120492210363,-5.215780715987501,4.567282020953166,-6.88867475,6.929089649697267,hand_wash
