mean_x,std_x,median_x,rms_x,mean_y,std_y,median_y,rms_y,mean_z,std_z,median_z,rms_z,Activity
-2.94118875355125,2.1709612783046133,-2.87102975,3.6540226427506735,-5.765108407651751,4.995668343335678,-6.09233085,7.6243547525735975,-5.459623676700001,6.927009611903621,-6.96830915,8.813114897649973,hand_wash
-4.412847437125,1.9356189803301211,-4.1912842,4.817725271148445,-5.634897194425,4.2917212579184065,-4.7523175,7.079893400964333,-5.8963764170425,4.78290373076244,-7.09524535,7.588559318405033,hand_wash
-4.336018194025,2.1870337703896188,-3.93322075,4.855122315653684,-3.07441172170825,3.212170346338341,-3.3943415000000003,4.443450311710228,-7.164793745040002,5.787402329029427,-9.181307,9.205680858183406,hand_wash
-4.7644931808525,2.1096812791495125,-4.6978305,5.209608764795578,-5.620209712125,4.973248070648107,-5.5582416,7.500541353098372,-2.7344686457250003,6.076825261453308,-1.3681549,6.656786350750984,hand_wash
-3.7008530271175006,1.4469182933490399,-3.67695375,3.9729902774338366,-2.750757767275,4.033325885207079,-1.4435980000000002,4.877880348703165,-8.30619120755,4.519190337607768,-9.753717,9.453297624672542,hand_wash
-4.4313459576000005,1.6612990387898994,-4.26193715,4.731790539106882,-3.9415944122675,4.48559466611414,-2.6339227000000003,5.9671119162219775,-4.7671905745875005,6.311032329509746,-6.358777,7.902889485238469,hand_wash
-4.6117657919,1.579702262290304,-4.45832895,4.874177295578242,-6.53874461526,4.261470333880619,-6.31027765,7.801917086628125,-1.75017249223325,4.923796732357461,-0.640667705,5.21979583685895,hand_wash
