mean_x,std_x,median_x,rms_x,mean_y,std_y,median_y,rms_y,mean_z,std_z,median_z,rms_z,Activity
-0.84613645322,1.943936132775009,-0.82388672,2.117873312206187,-6.4821802559999995,5.244627089440741,-7.2670882500000005,8.334027171500201,-1.5971756643650001,6.952356882048338,-3.71766905,7.1249840808710765,hand_wash
-4.068332853,1.1604449251741895,-3.927832,4.23020070990736,-4.6817662179249995,1.8224780789723378,-4.575086199999999,5.023152167888966,-7.084904882000001,4.770936335476372,-8.62566275,8.53819688929479,hand_wash
-4.4504522377,1.5235860439074327,-4.2906775,4.703406878758786,-5.343111928349999,3.147565986359382,-4.7780638,6.199294216946502,-3.1739876486,6.4540512826324425,-6.6162415,7.185042700458898,hand_wash
-4.723774868265,1.935612552491867,-4.56311115,5.1040453044161636,-4.63074033751,2.811371566098468,-4.47988425,5.415515361524008,-2.2377236141,7.041717935023153,-3.6314483500000003,7.380327497532645,hand_wash
