mean_x,std_x,median_x,rms_x,mean_y,std_y,median_y,rms_y,mean_z,std_z,median_z,rms_z,Activity
-3.9926442617449998,2.145554264352443,-3.9643561,4.531346686623418,-6.495906696974999,7.908928521800597,-5.8660016,10.2270023126451,-2.3495381305245,6.322970667598985,-1.0508148,6.73797726286958,hand_wash
-3.593876489425,2.7175667708939235,-3.27638665,4.503626810985,-6.6709167483275,4.259006450478223,-6.54319325,7.911695037630585,-4.667988871345,6.4734949738637315,-5.0708552000000005,7.974427373592297,hand_wash
-4.0042361379625,2.638323604905753,-3.5691778000000003,4.7934597749597545,-6.10239301252475,4.789425722017577,-5.615123349999999,7.7537379842994225,-5.657649855306249,5.300643318876585,-5.72948525,7.748262994388673,hand_wash
-5.188423610250001,2.493414267093472,-4.929549,5.75511176954684,-6.044331747315,3.4458674666371465,-5.6199133,6.955448501910874,-2.1146735132000005,5.690690839939939,-1.90044805,6.064226776565711,hand_wash
-4.036065957575,1.8915956721835538,-3.7745507,4.456345730018239,-6.429364077580001,4.642920490360253,-6.67132685,7.927139543693153,-5.369109889635,5.112918143051705,-5.9061182500000005,7.40971781613037,hand_wash
-4.2903152458925,2.184653444841975,-4.02423165,4.813271632321656,-5.163296884665,3.5745625692153746,-5.56482765,6.277355218284514,-5.3251672512649995,5.722689465731959,-7.2616993,7.811831285834443,hand_wash
