mean_x,std_x,median_x,rms_x,mean_y,std_y,median_y,rms_y,mean_z,std_z,median_z,rms_z,Activity
-1.3620895194384999,1.5107689948344576,-1.4573694000000001,2.0327333217438874,-5.1106184001875,5.374879083474187,-5.6264994999999995,7.411850125400433,-2.13881233115,7.385172489971948,-4.3236092500000005,7.6797746687484985,hand_wash
-1.29934300724575,1.9293701446777491,-1.19451595,2.3241031028687895,-7.716603237825,2.9142172630189367,-7.33055595,8.24726597912597,-4.76801086293875,5.334290016295466,-6.21926715,7.149646210974815,hand_wash
-4.141973714,0.8479296174624679,-4.102069800000001,4.227662879422456,-4.885010577399999,1.596289327923032,-4.8014155,5.13858906809104,-6.0925015916025,5.430347137869566,-8.3011375,8.156808444873077,hand_wash
-4.112784413749999,1.1184867090408022,-4.01046,4.261793122734855,-5.372397033825,2.090832186999547,-4.976850649999999,5.763965663946957,-4.79055998165,5.760368855421301,-7.67005015,7.486545242294198,hand_wash
-3.676651371735,1.0234718091059376,-3.57636295,3.816102870331898,-5.68297119614175,2.0533589734547193,-5.4953722,6.041680559443634,-5.693260813849999,5.213379171816746,-7.6670565,7.715218258589954,hand_wash
