mean_x,std_x,median_x,rms_x,mean_y,std_y,median_y,rms_y,mean_z,std_z,median_z,rms_z,Activity
-3.4712455090000005,1.8756213311197842,-3.309917,3.9444525441510687,-6.2879351700285,6.248449599344306,-5.86181,8.859099462814404,-2.3399280856625,6.810497423860115,-1.599873,7.193203835466951,hand_wash
-3.7587556362217502,2.172058307011951,-3.6098932,4.339848687300716,-5.132122691749999,2.2846814729895235,-4.95828935,5.6165294740270255,-7.4289194671850005,4.957249893327882,-8.4975295,8.927582827314307,hand_wash
-4.5831482838925,2.370393139873377,-4.364923,5.158484750448685,-7.016092940424999,4.032295801021364,-6.5078668,8.089766439894833,-2.8846692998699996,5.500775797113898,-2.49261655,6.205175662606277,hand_wash
-5.75372306303,3.771979345122343,-5.2343151500000005,6.8773241668270115,-5.2830269036595,5.612292139945562,-5.79295345,7.702561377309794,3.6134737381375,2.335352726461312,3.68174385,4.30086388209476,hand_wash
-4.4595413316,2.196216383469146,-4.337979499999999,4.9697904256879335,-6.753637730525001,3.87960714263126,-7.046746,7.786227956936109,-2.6990882133949996,5.711328357083524,-2.5285419,6.310530929098449,hand_wash
