mean_x,std_x,median_x,rms_x,mean_y,std_y,median_y,rms_y,mean_z,std_z,median_z,rms_z,Activity
-0.14220129512824997,1.5562414476706459,-0.087418213,1.5607863188712154,-6.6637855675325,5.098218071991099,-7.5023988,8.38647041554772,-1.1730087121825001,6.179519847660514,-2.38603825,6.282272584233927,hand_wash
-4.254985710462499,1.5026499924881342,-4.32301015,4.5118971069456855,-5.4714760211975,1.9403347056099352,-5.3768187,5.804527230826738,-5.203874471000001,5.283125792863071,-7.696395000000001,7.4109344287871375,hand_wash
-4.4115391569,1.1018837632284557,-4.2739125,4.546734013658519,-4.63828165484,2.7750645932300193,-4.79063765,5.403275649777891,-3.20539237034675,6.7154835855530886,-7.0509377,7.433674443788925,hand_wash
-4.3391287177499995,1.0796251106716515,-4.2284068999999995,4.471097676504793,-5.3398158182249995,3.02744530164065,-6.0456281,6.136460255257579,-4.40452473645,5.537208836461824,-6.4054795,7.069927025673205,hand_wash
