mean_x,std_x,median_x,rms_x,mean_y,std_y,median_y,rms_y,mean_z,std_z,median_z,rms_z,Activity
-2.6572172872907505,2.003889742247871,-2.48722785,3.326610718992431,-5.826552622767499,4.593490158773606,-5.6791902,7.415936685613756,-2.4234484029650005,7.178333136606235,-2.7345136500000002,7.567876030656321,hand_wash
-3.50746718435,1.5232530449751558,-3.7032989,3.8231956709957493,-4.48041394006,2.477072732851025,-4.8720684,5.1180717731200716,-9.120324197,2.024779503008831,-8.859776,9.341830450404187,hand_wash
-3.8567957537735005,1.8714118742515082,-3.6170782,4.285825525310978,-4.841259525857501,3.7248297830426385,-4.2858875,6.105527398764652,-2.4860871589749998,6.993833390512745,-2.80277155,7.414313898975129,hand_wash
