mean_x,std_x,median_x,rms_x,mean_y,std_y,median_y,rms_y,mean_z,std_z,median_z,rms_z,Activity
-1.063792829544,1.5984949743711143,-1.0759625499999999,1.9184507817041372,-6.687625003000001,4.967523671192938,-7.620952,8.32699999255754,0.1580114337400002,6.771386706499265,0.60833497,6.76476284486937,hand_wash
-2.337311538486,2.1407007469764445,-2.1171973,3.167675554223481,-7.535177513,2.372228866928208,-7.13236835,7.898879748104514,-4.7365911924925,4.758509859260734,-6.502478099999999,6.709851240174959,hand_wash
-4.6990762315,0.979252242778806,-4.677473,4.799776562200379,-5.462276138350001,2.3967795126884326,-5.47561365,5.9637782708573,-4.274358423285,5.669263247722079,-7.1503308,7.094387523828241,hand_wash
-4.187787452999999,1.2047867412365112,-4.197272,4.3572291729531365,-6.145120153225,2.0778931794176865,-6.1857368,6.486088780033766,-6.518240269740001,3.347798690147923,-7.0593202999999995,7.325789574758611,hand_wash
-4.951529234000001,0.982876175139079,-4.92356135,5.0478978017461404,-5.7613691751500005,2.4693478875858608,-5.7917559,6.267041532080231,-0.9612530681999999,5.6298846669893035,-0.36943177000000005,5.7044166942217815,hand_wash
