mean_x,std_x,median_x,rms_x,mean_y,std_y,median_y,rms_y,mean_z,std_z,median_z,rms_z,Activity
-2.991328492325,2.009916689587049,-2.821333,3.602459137218383,-5.061152280065,4.940057322001928,-5.1055829500000005,7.068126932279184,-5.886838240654999,6.893700354925979,-7.8155475,9.058651185120544,hand_wash
-3.9439385301000005,1.5956320415731486,-4.1679328,4.253742779867162,-3.6036930804575,5.134243697913726,-3.0835876,6.2674684699510195,-6.229948760387499,6.074375674678991,-9.165141,8.69586432130773,hand_wash
-4.46038858175325,2.0363189820225105,-4.0841069999999995,4.902172458134108,-2.5962071641107496,3.5593813997845665,-2.7165508999999997,4.4020239206800635,-5.09579321995,6.924399940845609,-8.274194,8.59037570743673,hand_wash
-3.5121793854249996,1.5308244314691557,-3.5572027999999998,3.8305311533503072,-3.07487877121,4.875743701344628,-2.9039612000000004,5.7591947273240125,-6.648795756299998,5.687944804594312,-9.395062750000001,8.745188352394365,hand_wash
-4.376535938859999,2.0036735380825905,-4.41940975,4.812352616156422,-3.5428535889882498,4.51332500533757,-3.44463695,5.7333226754040965,-3.9761754662174997,6.600803833964146,-3.7889209,7.698808743207582,hand_wash
-4.360106123325,1.9862211562122407,-4.15715525,4.790170894846842,-3.6142192048787503,5.08389610135027,-4.1074585,6.232492682010589,-5.153603014845,5.699854696967113,-5.92767325,7.678980840075144,hand_wash
-5.104469205725,1.9717861047932894,-5.65823375,5.471181450486089,-4.1810933633000005,3.4545149090526333,-3.84041385,5.420828422515886,-1.6881235261437502,6.491421702294299,0.6059399299999999,6.6994753800014,hand_wash
