mean_x,std_x,median_x,rms_x,mean_y,std_y,median_y,rms_y,mean_z,std_z,median_z,rms_z,Activity
-2.664019147445,3.0516759152563657,-2.81474675,4.048017057150324,-6.243555466215001,4.819857005418673,-5.97257985,7.8838397281086925,-0.9326295784732505,7.777955827382921,-0.38978942,7.824011329952901,hand_wash
-2.90689808182825,1.8992888912294164,-2.896776,3.4710713770755794,-6.2940334743049995,2.8632277622388513,-6.2102857,6.913207317235686,-6.584902614289999,4.8483750600331765,-7.66945115,8.173672143573418,hand_wash
-3.982028337825,1.680796944429447,-3.7511993,4.321407797896849,-5.128694821075,3.595684886774187,-4.831951800000001,6.261001357465545,-2.8687843445750003,6.956817146074194,-6.436615,7.517062934257018,hand_wash
-3.108986827125,1.4549861318808903,-3.0356872,3.4318349717887915,-5.984384419975,3.3379964649861766,-6.1264599,6.850344643541599,-5.088727951725,5.787337956521687,-7.432344499999999,7.700954459552817,hand_wash
-3.1373707962,1.6131083600601477,-2.9051586499999997,3.526855369545414,-5.194991963099999,2.879669623922917,-5.00199815,5.937988497526801,-5.56179818951,6.029660092471428,-8.1065425,8.197530599485582,hand_wash
