mean_x,std_x,median_x,rms_x,mean_y,std_y,median_y,rms_y,mean_z,std_z,median_z,rms_z,Activity
-2.81146851953,2.0381328011426056,-2.7237359000000003,3.471016506459438,-6.376922114016249,6.079046206612274,-6.78030025,8.804973107477458,-3.002273734190501,7.4075730594196525,-3.0273047,7.984272406366996,hand_wash
-3.373444886265,2.315818728327488,-3.1171179999999996,4.0902003914458325,-4.862174051145001,3.318419107467256,-5.3253260000000004,5.884310674412047,-7.417680874809999,5.241023800547912,-8.865165000000001,9.078636968853692,hand_wash
-4.916529031525,2.382120672509954,-4.78345265,5.461920025868323,-5.694329603892499,4.342523448250813,-5.101990499999999,7.157915601739667,-3.5050452169724995,6.150357639266788,-3.0231135,7.072317428974883,hand_wash
-3.9482166486000008,2.0362744260078878,-3.8823266,4.441223053219792,-5.841234083325751,4.377757035714139,-5.9097109,7.29635939275826,-6.642401043373249,5.060575182832743,-7.07848015,8.346669350654544,hand_wash
-4.631665402675,2.33726998430137,-4.33917665,5.186665432086776,-5.822292499785,3.4087730960934053,-5.9270745,6.7446107848156265,-4.173411364375,5.672492246652576,-5.267845400000001,7.036624743718196,hand_wash
-4.460762799525001,1.917326668946773,-4.2224195,4.854416129174754,-4.731813154885,3.160753859498408,-4.653523,5.688184664783307,-5.64953670825,5.857379054667899,-7.8550653,8.132673741424236,hand_wash
