mean_x,std_x,median_x,rms_x,mean_y,std_y,median_y,rms_y,mean_z,std_z,median_z,rms_z,Activity
-3.8714323240365003,2.1944612737644813,-3.681145,4.4487761655248015,-6.02091145839825,4.145660154455175,-5.7492444,7.307181854916302,-2.81711777825,6.531433453322316,-2.95126285,7.10557010199197,hand_wash
-3.08156983605,1.442915740555149,-3.02910105,3.4018926311994604,-4.3430356087525,2.843524926617006,-4.4415635,5.189159683625444,-9.41808799425,2.071083922943558,-9.3190205,9.642564317222446,hand_wash
-3.880859703425,1.469542047159282,-3.85238885,4.149123640175857,-6.2682870246075,4.074472705644955,-6.1869342,7.473369168744164,-2.2768821903825,6.01570865434325,-0.32093261,6.425143675147383,hand_wash
-4.846968682575,1.977234073123731,-4.64334385,5.233811837784626,-4.6788293068249995,2.665679653806532,-4.375102,5.3832636085446195,-3.5717764653649997,6.503935190658577,-6.998846,7.413029552781479,hand_wash
-4.541774329725,1.6485067991320088,-4.4289898,4.830993147611211,-5.966523549584999,3.8672884807942953,-5.737868150000001,7.1075968977533055,-0.8165130499500002,5.929455557837905,2.0710932,5.978063287142632,hand_wash
