mean_x,std_x,median_x,rms_x,mean_y,std_y,median_y,rms_y,mean_z,std_z,median_z,rms_z,Activity
-1.7572318128225002,1.6263149880004035,-1.7477654999999999,2.3929379083230957,-6.1989841459249995,5.166871701521756,-6.880891,8.065805986599596,-1.2995585490424997,6.935710644113411,-2.7003845,7.047884388659501,hand_wash
-4.69353474675,0.8643565426339574,-4.7175898,4.772264962380205,-5.851909901249999,1.7686841793970391,-5.539680150000001,6.1127140133889,-4.7462790574625,4.90061127826631,-7.086862699999999,6.817852727562132,hand_wash
-4.796912767175,1.05794115211025,-4.805008,4.911905279879851,-4.92297762025,2.777389146291432,-5.2331178000000005,5.650691496909468,-3.67892960905,6.100238814389954,-6.58211265,7.11719076440649,hand_wash
