mean_x,std_x,median_x,rms_x,mean_y,std_y,median_y,rms_y,mean_z,std_z,median_z,rms_z,Activity
-3.3804024222725,2.3474251594685573,-3.3171021,4.113848490600194,-6.412670803065001,5.034387075800771,-6.7018635,8.148867247930824,-4.68841239991625,6.835555273625836,-5.959407499999999,8.281860581459664,hand_wash
-3.8438446884975,2.6098118538739348,-3.70270025,4.644268737608731,-5.684563909162501,3.4899722226441554,-5.7360717999999995,6.668112415586106,-6.08371783619,6.120401542281356,-7.9748161,8.62422689065747,hand_wash
-4.0218634990825,2.043987696318953,-3.80688345,4.5103023173284775,-6.2090042787825,3.894075459372904,-6.1887305,7.326503139835639,-5.173514609154999,5.748641247446854,-6.311475,7.728487071381301,hand_wash
-4.8580067271,2.043392360035585,-4.3248064500000005,5.269273485667452,-4.3952081253525,3.358747684595971,-4.03021915,5.529090115825703,-3.2098410929749996,6.623603110845477,-4.922962699999999,7.352925792956691,hand_wash
