mean_x,std_x,median_x,rms_x,mean_y,std_y,median_y,rms_y,mean_z,std_z,median_z,rms_z,Activity
-2.736351729065,1.9556630453517185,-2.44651245,3.3619454467977303,-5.769434396865,4.3853990959961076,-5.323529799999999,7.243619204362871,-3.8465840078925004,6.747333617916949,-6.341412849999999,7.759439619190803,hand_wash
-3.3874557490949995,1.0735085121578827,-3.39254505,3.5530825949361224,-3.7927679024999996,2.288529969618203,-4.049977999999999,4.428246194659951,-9.555945315,1.7078871840818264,-9.374704999999999,9.706991155875105,hand_wash
-4.949697052095,2.1916490513400584,-5.722300300000001,5.412099237620011,-5.066421314025,2.5721673696065634,-4.7738726499999995,5.680504361060942,-2.026587667485,6.382397319025715,0.395178225,6.688812721482355,hand_wash
-4.14666197835,2.034447968469319,-3.7793408499999996,4.617730682138301,-4.50992357205175,2.700648361638104,-4.3727072,5.254967026065296,-5.11646226774675,6.363035358067381,-7.8945833,8.158748957890042,hand_wash
-3.9669696507500003,1.8339263037886848,-3.6248620999999996,4.369407932830292,-4.19456236820825,2.8796283855784157,-3.8990917,5.085851202180437,-6.2466689800249995,5.958971040279181,-8.337662000000002,8.627945054602822,hand_wash
