mean_x,std_x,median_x,rms_x,mean_y,std_y,median_y,rms_y,mean_z,std_z,median_z,rms_z,Activity
-1.18853742117175,2.659464057227531,-0.940643925,2.9099292775824463,-6.095785764474999,4.992447128038176,-6.2456122,7.875329903681309,-2.6831344186,6.968537351987179,-5.58338935,7.459109990625648,hand_wash
-4.9007608199999995,1.226239444224207,-4.82955695,5.05147113537056,-4.3010808576074995,2.66409620122347,-3.89909185,5.057564788673257,-3.6762352383999994,6.585626745470896,-7.5425153,7.535035431876803,hand_wash
-4.755637607,1.096602135239806,-4.8014155,4.8801248909754,-5.56169938205,3.008077598030009,-5.02115835,6.321266449452666,-3.62188324919325,5.800717720163675,-5.40017035,6.832440524778461,hand_wash
-4.721571449499999,1.3899069652669256,-4.4253973,4.921407189148323,-5.608429192459999,3.4086163745281715,-5.0864227,6.560800022220412,-2.506399915705,5.756900966663663,-1.024469625,6.272247962697992,hand_wash
-4.640544938,1.1199732324072442,-4.5732896499999995,4.773453834782828,-5.424401891487499,2.887082128999365,-5.337301,6.14317027209174,-3.6806510464400004,5.780737247668746,-5.6348822,6.846938947035255,hand_wash
