mean_x,std_x,median_x,rms_x,mean_y,std_y,median_y,rms_y,mean_z,std_z,median_z,rms_z,Activity
-3.8947298598325006,1.8153968838056642,-3.7356317,4.2960851204541886,-6.0516036096225,4.8760956392631325,-5.79953975,7.767803689559159,-4.108751807755,6.1889447326777836,-4.5056305,7.4222045734141355,hand_wash
-4.401617784725,1.7359136784727038,-4.2296045,4.730761242249315,-5.70389469495,4.18830131694509,-5.21096365,7.073360442024634,-3.0425370022000005,6.266581967962559,-5.3247273,6.959088003973414,hand_wash
-5.25522072365,2.4145951018829415,-5.19000715,5.782130981442087,-6.1313547997,6.167727732717712,-5.9360558,8.69133332126188,0.9677884752975001,4.856439488522318,2.1986278500000003,4.94597376937377,hand_wash
-4.7809349906,1.9606991765048938,-4.340374199999999,5.166436856474539,-5.99419201025,2.862129242427517,-5.757028,6.640906730003273,-4.154442812439999,5.6608092282985325,-5.273833,7.015984912913242,hand_wash
-4.8931326800149995,2.137023454092421,-4.8163842500000005,5.338370490558287,-5.32366139795,3.6140172808345707,-5.0415163,6.431938959903804,-2.5235901504634994,6.446036059701383,-0.71431457,6.914912123684545,hand_wash
-4.38002071,1.745791503541318,-4.094286,4.714313303539696,-5.7895256143000005,1.9818813650204108,-5.683980200000001,6.1185489251364515,-5.68613861418425,4.843074302663916,-7.373666249999999,7.465179342727671,hand_wash
-5.267375426142499,1.8703145677963962,-4.9876283,5.588790143759652,-5.454468388282501,3.224802580368611,-4.76549,6.334396474954758,-1.9880009410400004,5.94747873069526,0.32871643,6.263882161688409,hand_wash
-5.04924604,1.5343806561754696,-4.9032038,5.27667734095103,-5.5496404753875,3.3273676380967316,-5.25407415,6.468555199317308,-2.2660956169324997,5.828433070005184,-0.531095595,6.2466706985787175,hand_wash
