mean_x,std_x,median_x,rms_x,mean_y,std_y,median_y,rms_y,mean_z,std_z,median_z,rms_z,Activity
-3.0902068739569994,2.397065900888416,-2.9530590500000002,3.9090841183991016,-5.704858689510001,6.0902439930007075,-5.687572749999999,8.339289950698635,-1.8503052534567501,7.406482131672155,-0.073048095,7.625120796015733,hand_wash
-2.766295464855,2.666281620805091,-2.41178475,3.839749423610447,-8.033287693675,3.86013602270749,-8.298743,8.910505578129092,-4.823368753777499,6.483885284223057,-4.9217651,8.074685912958723,hand_wash
-2.7703220829974997,2.2732808691705957,-2.35490295,3.5818390302895082,-6.723286867685,5.8834492480908755,-6.3833258,8.929223030163907,-2.9061885514600005,6.460026844449972,-2.3950195499999998,7.076266590552812,hand_wash
-3.05241346523,2.394756226199517,-2.69439695,3.877853556051527,-5.951824113973251,3.3974953848612013,-6.0887385,6.851155211831158,-6.6484844186025,5.365138869328662,-7.7317219,8.539033807396684,hand_wash
-5.1423284764099995,2.1690072066561488,-5.0786387,5.579997575372877,-6.722005498354999,4.12309803341986,-5.831273749999999,7.883070180432406,-1.5268159742575003,5.095084497117925,-1.53520755,5.3128291273988255,hand_wash
