mean_x,std_x,median_x,rms_x,mean_y,std_y,median_y,rms_y,mean_z,std_z,median_z,rms_z,Activity
0.22990092081575,1.7576747445099774,0.34667908000000003,1.7704664327830189,-6.4525987396707505,4.768596827541323,-7.094047700000001,8.019893852762555,-1.74693920859,6.450787812500598,-4.3128315,6.675359791195566,hand_wash
-1.09497299499,3.208539139761202,-0.050894165000000005,3.3864365434197157,-6.219491496749999,2.7960082188439364,-5.5492605,6.817638321522255,-6.8547674487725,3.4352054419859455,-7.9251194,7.66544007962552,hand_wash
-4.58755512175,0.8248233530514564,-4.4810815,4.66093281703613,-5.338794919750001,1.649826181845122,-5.141508,5.587293871757088,-5.4975787271900005,4.972356565572121,-7.8664418000000005,7.408501255470113,hand_wash
-4.8047804045,1.183408063839828,-4.76668775,4.948016597022933,-5.9635387590525,1.9726452034356459,-5.733078,6.280556926468583,-3.03334313335,5.3939056931715506,-4.8876361500000005,6.182447221360083,hand_wash
-4.353729365375,1.3211811868701764,-4.2080493,4.549298332286743,-5.7180283026000005,1.9474297614257023,-5.71451665,6.039772275370322,-5.438376874309999,4.9178508993068535,-7.12518315,7.328078694390058,hand_wash
-3.86388500675,1.0237922352565108,-3.59851685,3.9968909805005364,-3.9319933664,3.0136143052406874,-2.3722669,4.951740939933455,4.3111399244749995,4.861896110926334,7.36408635,6.493447940605923,hand_wash
