mean_x,std_x,median_x,rms_x,mean_y,std_y,median_y,rms_y,mean_z,std_z,median_z,rms_z,Activity
-0.17112114979749996,2.1826675225182033,-0.22393432,2.1866435164377225,-6.083065208775,6.075218115480085,-7.0431539,8.591838382848549,-0.9192174683349998,7.009312993975744,-2.48483275,7.0606375937298065,hand_wash
-2.857812140815,2.187152677985616,-3.5464251,3.597049899141965,-6.622501446,2.1836704465918237,-6.2809384999999995,6.97237556217695,-5.99118627013,3.9025118785969135,-7.252119,7.147435756170023,hand_wash
-4.30198797499,1.361924299497339,-4.41581725,4.511906608078893,-5.68793488928,2.798692757558175,-5.18521725,6.3376417343535,-3.7445591476000004,6.086402309743549,-5.43070685,7.13956620203471,hand_wash
-4.2273382022499995,1.046115866177111,-4.1715253,4.354539101403969,-5.831701924275,2.208500593167078,-5.755232100000001,6.234904050299173,-5.343369414000001,4.856537819132577,-7.2898408,7.2165498255166245,hand_wash
-4.301032956,1.0625104958931433,-4.296665,4.430010239389576,-6.002353047125,2.1042826517580826,-5.86121155,6.359652314955951,-6.008517227567499,4.1322386708313195,-7.3610925,7.28937495369853,hand_wash
-4.578948035,0.8050200753004781,-4.56011715,4.649000138262318,-6.268376849225,2.079339307160714,-6.3551842,6.603437828004272,-5.004989051653251,4.197100593219368,-6.265371050000001,6.528516651069924,hand_wash
