mean_x,std_x,median_x,rms_x,mean_y,std_y,median_y,rms_y,mean_z,std_z,median_z,rms_z,Activity
-1.28826005018925,1.8320502053109042,-1.2370276,2.237773646240027,-7.312015580995,5.0765482030705265,-8.387957,8.897892175154011,-2.64280226685,7.305559973627313,-4.20625305,7.760295247837698,hand_wash
-1.7106247396115,2.217301509010233,-1.3633649,2.7982801712257688,-6.1426023921525,3.189028940921352,-6.05700445,6.919251763749205,-6.9542026644099995,4.32131781247664,-8.538245,8.184622035563033,hand_wash
-3.8436650479999996,1.6136246796900475,-3.502716,4.167857500755561,-5.175703082535,2.5840663550801546,-5.39957165,5.783477139982564,-5.3117820831525,5.737461259784602,-7.978408999999999,7.8135263775174,hand_wash
-3.74141268905,2.0013035650334166,-3.35781735,4.241859477788164,-4.0737964806,2.844388354728579,-4.0613542,4.966501436130187,-5.580437428850001,6.494531781623667,-8.711883499999999,8.556563422436229,hand_wash
