mean_x,std_x,median_x,rms_x,mean_y,std_y,median_y,rms_y,mean_z,std_z,median_z,rms_z,Activity
-2.020654026885,1.3219952302863076,-1.88787415,2.4137822823929387,-6.2816153294,5.460022124237568,-6.6569568,8.318413498962641,-2.49525708755,6.958519154150164,-5.0463061499999995,7.384188803084367,hand_wash
-2.81606396782925,1.4555238744722745,-2.83809815,3.169143361492519,-6.758158333325,2.6080081518893916,-6.2989011999999995,7.242748533002569,-4.721355859125,5.237040565622307,-6.76413395,7.046220870065928,hand_wash
-4.6776767365000005,1.2774323606740037,-4.418811,4.848547566405862,-5.131913135,1.7697082055263391,-4.785249,5.427759196027493,-3.2149844110249997,6.268123645066052,-6.6246243,7.037561748069803,hand_wash
-4.4849195685,1.2815351861259965,-4.30085625,4.663982218888706,-5.824630617175001,1.9930696082854873,-5.9953325,6.155381180223123,-5.495710604225001,4.586994694119423,-7.320976,7.154771419721328,hand_wash
