mean_x,std_x,median_x,rms_x,mean_y,std_y,median_y,rms_y,mean_z,std_z,median_z,rms_z,Activity
-3.6013609469624996,2.464740617796149,-3.8098773,4.362288346445961,-5.927888902275,5.187941890354051,-6.792275500000001,7.873202718256483,-3.905860719075,7.127624010732253,-5.10917545,8.119837709898153,hand_wash
-4.53624783655,2.144961315048116,-4.3493557,5.0166623695490875,-4.669153446696501,3.1766734678929947,-4.48048275,5.6450881387812775,-4.698267898309999,6.467556741927056,-7.40120915,7.987392454913633,hand_wash
-3.6285264374024995,1.7558071533472577,-3.61647955,4.030056540518372,-4.4888533829415,2.8119937895372544,-4.63017125,5.295030263677485,-9.02924757125,2.568891098361853,-9.154364000000001,9.386693516594578,hand_wash
-4.67940113625,1.7606302304995471,-4.43976765,4.998886301514099,-5.338139289375,3.9603165865392116,-4.97505435,6.643841379030853,-2.949355783175,6.386986915482553,-3.55181395,7.027824513293344,hand_wash
-4.3729134826500005,1.6903384354852213,-4.33917665,4.687480479229175,-5.9872314975475005,3.363794301391333,-5.745053049999999,6.865403507955123,-3.140430438935,5.894564709111082,-2.5848248,6.6724307204280935,hand_wash
-4.48899709365,1.6468947668928962,-4.182901599999999,4.780855218900098,-5.913306192049999,3.0676410544339308,-5.5732105,6.65988631327054,-2.7518983892525,5.768361611876817,-3.6661761999999998,6.384649985780833,hand_wash
