mean_x,std_x,median_x,rms_x,mean_y,std_y,median_y,rms_y,mean_z,std_z,median_z,rms_z,Activity
-2.33171617545425,2.013988915404018,-2.1974305000000003,3.079433599847028,-5.8112693819595,5.345350403985413,-6.37733825,7.891273081305291,-3.4454421586600006,6.999309942224463,-4.7343547,7.793518812887131,hand_wash
-3.5257770988250003,1.5859837569684685,-3.4206866,3.8652503498186546,-4.25051901069,3.325712197022189,-3.9140607000000003,5.394406600694436,-7.121461825702499,5.111035212555595,-9.0849075,8.761997076954618,hand_wash
-4.02632121865,2.2237090833577744,-3.55780145,4.59823688362622,-3.8119400422850003,3.6822197406516812,-3.4841546,5.296766206741109,-4.982508838505001,6.757859578360574,-8.3897535,8.389272241465171,hand_wash
-4.00496063853325,1.78650450513938,-3.62486205,4.384441705304878,-5.05340139433125,3.570264032094355,-5.066663800000001,6.1848026603884865,-4.57649911537325,5.827056811373991,-5.18102595,7.403651042444176,hand_wash
-4.151574753999999,1.9571142950988507,-3.8523889,4.588713715325923,-3.3706307467174996,3.0332882580795233,-3.3793726,4.531995939227989,-6.4941912644,6.110393935319459,-8.9777305,8.911682890357248,hand_wash
-4.281465639025,1.8422545778754682,-4.0625518,4.6600821015332565,-3.975678531125,3.1826991512915512,-3.32129335,5.090213132645932,-5.434910063699,6.230777797858029,-7.7814182,8.262189957079267,hand_wash
