mean_x,std_x,median_x,rms_x,mean_y,std_y,median_y,rms_y,mean_z,std_z,median_z,rms_z,Activity
-4.4256997137125,1.7356177392964287,-4.5643083,4.753068058693558,-4.95735511822,7.3766645175189485,-4.0715330000000005,8.88000626259098,4.642541780765,2.8091807325676608,5.06726265,5.4244780240505595,hand_wash
-3.94924949995,1.134582769592019,-3.7853284499999997,4.108604565878515,-5.385943870549999,2.4141693138430886,-5.302573450000001,5.901019769406553,-7.630660961005,3.3380817916664816,-8.193961,8.327179581019099,hand_wash
-4.961794885750001,1.8130733993901216,-4.524191849999999,5.281896018661477,-5.84030603144525,3.701859847319524,-5.2313215,6.912212486194945,-1.7989350876502501,5.745140290973512,-0.29279114,6.013342483190112,hand_wash
-4.41889485265,1.5280671685202414,-4.1829014,4.67501695367058,-6.513300532907499,3.6269831515136515,-6.4773305,7.452865428570652,-2.9550828486317497,5.249071652851606,-4.3589354,6.018005149217298,hand_wash
-5.186187268,1.850440270464526,-5.085824,5.505643218583614,-5.862028831315,3.705103419017423,-5.61033325,6.93230509184491,0.2670985760374998,5.329766550204105,2.51117805,5.3297970974791005,hand_wash
-4.198319553625001,1.3645868185894805,-4.069737,4.4139924124146965,-5.76625201055325,2.630446333525773,-5.65823365,6.33652996860148,-5.7086697422,5.086293823680732,-7.8311150000000005,7.641637201815497,hand_wash
-4.28031304575,1.5127280420542497,-4.1619451,4.539130427021444,-6.163510914234999,3.2607274535535598,-6.016888,6.970984826940591,-4.084271715596,5.4239015219067594,-6.1078985,6.784278620226441,hand_wash
-4.28902193035,1.5787468671710974,-4.06973695,4.569673914564286,-6.134977257835001,3.4299394593669876,-6.2120820000000005,7.026593729349808,-5.541503398215,4.846917232341115,-7.05932,7.358133938231264,hand_wash
-4.0279887579124996,1.521187479383778,-4.072730699999999,4.304987776165557,-6.301904121965,3.031357534401763,-6.2426185,6.991434133463631,-5.28991855609,5.0451967969689795,-6.053412,7.305724743200431,hand_wash
