mean_x,std_x,median_x,rms_x,mean_y,std_y,median_y,rms_y,mean_z,std_z,median_z,rms_z,Activity
-3.15863258352875,1.923204480009908,-2.88719605,3.6968132872759294,-5.36536765104,5.662792424082882,-5.601352,7.795782194493467,-3.4141602274009997,7.45333437052543,-3.5961218500000003,8.189615547394483,hand_wash
-2.8408853584975,2.542419436850838,-2.5848249,3.8102974255981916,-5.48607962274,4.321173955873676,-5.6043455,6.980181417633193,-7.363289953475,5.072977859047688,-8.326884,8.93805378907724,hand_wash
-4.964677909554999,2.101149112662272,-4.9451165,5.3899737726895065,-6.4624542735675,4.481005100375214,-5.716911550000001,7.860822058205207,-2.9713330792465,5.469634002326451,-2.7973828,6.218595029983194,hand_wash
-4.7404352189375,1.9692623990661733,-4.6696892000000005,5.1322534500283545,-5.385572643614999,4.995942981030852,-4.943919,7.341760031061449,-1.6569823011532494,6.426008339202709,0.702339475,6.628419084811936,hand_wash
-3.9225031123500003,1.638372781281941,-3.7224590500000003,4.250127689071806,-5.9052349911975,4.859941644577242,-5.27562905,7.644068648827517,-5.391386569404999,5.376001133745515,-5.6708073,7.608954189658299,hand_wash
