mean_x,std_x,median_x,rms_x,mean_y,std_y,median_y,rms_y,mean_z,std_z,median_z,rms_z,Activity
-3.3770973007465,2.4957511535615926,-3.25722655,4.197378713514192,-5.203155985435001,4.630183477002346,-5.25467285,6.961166191228079,-2.1765518578405,7.652245785006487,-2.7848089,7.946562236598487,hand_wash
-2.37098251829,1.753140202507352,-2.43753125,2.947435312311398,-5.60028014435,3.2072961920135135,-5.593567999999999,6.451679601960019,-7.562681315800001,4.603283984286115,-8.501121999999999,8.850502616560005,hand_wash
-2.6166157183974996,2.0885420634197804,-2.3818469,3.346308525608769,-4.0720900409375,3.224450970631889,-3.930227,5.191628709119738,-5.92784400485,7.079647675667803,-8.757988000000001,9.226886919725182,hand_wash
-2.7182813072575005,1.9917278094322262,-2.40639595,3.3683995432674063,-5.5724021319125,4.086158054537483,-5.8103171499999995,6.906997281546291,-1.870432430175,6.947179448401142,-1.64058835,7.18617850518736,hand_wash
