mean_x,std_x,median_x,rms_x,mean_y,std_y,median_y,rms_y,mean_z,std_z,median_z,rms_z,Activity
-1.7323296040065004,1.6914123383520454,-1.7519567500000002,2.4196465374101708,-6.490724453375,5.311288715867175,-7.191046,8.38264679462161,-2.30437701205,6.916586219542533,-3.7565881,7.282150810969194,hand_wash
-4.631955786625,1.6196003949761097,-4.4595262,4.906277823875965,-4.8567493499375,2.362564834825195,-4.69004705,5.399608556680202,-3.68177969715,6.18977186440578,-6.9407665000000005,7.195345320580651,hand_wash
-3.937986921,1.0807424796469067,-3.861969,4.083237108779274,-5.094209533525,2.246222553962915,-4.94152415,5.566315904077296,-7.647599748799999,3.1917872630519466,-8.3358655,8.285397943707654,hand_wash
-4.492814131925001,1.616880779162795,-4.31642415,4.774216848805258,-4.477557883925,3.076473982035627,-4.22182085,5.430428623565152,-5.670957186202499,5.918001892502913,-7.89158935,8.191150404028159,hand_wash
