mean_x,std_x,median_x,rms_x,mean_y,std_y,median_y,rms_y,mean_z,std_z,median_z,rms_z,Activity
-1.398577647907,1.7634092663856986,-1.196911,2.2489681294758466,-6.8804211088625005,4.950098938616393,-6.6593518,8.472450379826169,-2.7261130177232498,6.75253102713165,-4.44755125,7.274226815929984,hand_wash
-0.8342661286665001,1.789490659151139,-0.49337402,1.9723770178597686,-6.134546148575001,3.062723425148777,-6.11927485,6.854887347068808,-7.800288225217501,3.722636238451281,-8.4232835,8.641057337437815,hand_wash
-3.9062738475000005,1.2226356403551326,-3.6440222,4.092685693521601,-4.963887543,1.6784888002266853,-4.7433362500000005,5.239318742012723,-6.7726811421875,4.6895108160254075,-8.604706499999999,8.234424252376568,hand_wash
-4.3066163502,1.7065699428222796,-4.2176295,4.631635176169432,-5.537710280600001,2.331512057511786,-5.1798284,6.007378276336522,-3.7250906351755004,6.318163676610373,-5.96898745,7.327734609284089,hand_wash
-4.458298930575,1.9810313447828156,-4.2990601,4.877612462097176,-4.173073046742499,2.912789098965131,-3.6188745,5.087009744207417,-3.5210379670517495,6.880470960967114,-6.27554985,7.721414171543959,hand_wash
-3.8211578475249994,1.403321636048515,-3.7829334,4.070090371339225,-5.6867104156,2.670881271033768,-5.667215000000001,6.28127758485028,-5.437104477,5.447712497055577,-7.3658825,7.691910205908707,hand_wash
