mean_x,std_x,median_x,rms_x,mean_y,std_y,median_y,rms_y,mean_z,std_z,median_z,rms_z,Activity
1.3519945144225003,4.046147324514342,1.2771442,4.261252054065088,-4.74641976745,5.434508708040419,-3.7709583,7.210308647649062,-3.5877601916217503,8.374038331151592,-4.509223,9.100617004865816,not_hand_wash
2.7414351467225,4.962930011918639,3.23028255,5.664323814995939,-4.3059187953724996,6.706655774066337,-3.1751971,7.962896474586363,-6.7641428957375,7.8326414499624635,-8.7831355,10.341688716907747,not_hand_wash
2.8590904742225,3.122521430817903,3.2075299,4.230858432456956,-3.330151909403,5.95971194528009,-2.6339227,6.820504585016995,-7.64141161644,6.550390247278761,-9.141191,10.059399328614495,not_hand_wash
2.7530510039809997,3.7419866074835397,3.43984675,4.641847416889152,-3.8236846012850005,5.951489009356065,-3.63623835,7.067689495515407,-7.21443349952125,5.850662112160426,-8.09815975,9.28400356806304,not_hand_wash
2.742701527985,3.6146711507409925,3.0392798,4.533827806698272,-5.043216582142501,6.026907542976887,-4.85590215,7.852823631641028,-6.40012386328825,6.397378915813762,-7.53173765,9.043546113967075,not_hand_wash
2.97435979395,3.9002312201764084,3.80808115,4.901080518189633,-4.68196080617375,7.112717865306083,-3.65659605,8.50793955863656,-6.937204015625,6.440867179207889,-8.034692,9.460753545545433,not_hand_wash
2.8074897981674996,3.8564868923800106,3.35242855,4.766267815601182,-4.08532851505575,6.857068407767235,-3.77215575,7.974443413609198,-6.8798612400525005,6.985291653912823,-7.5371265,9.798204142794502,not_hand_wash
2.4228556420299996,2.9291042980434576,2.3680754999999998,3.7984776320206524,-6.245561259175,5.539797429956702,-6.490502749999999,8.34384010022664,-4.585193052549999,6.195451754003836,-4.84572335,7.701406281274321,not_hand_wash
