mean_x,std_x,median_x,rms_x,mean_y,std_y,median_y,rms_y,mean_z,std_z,median_z,rms_z,Activity
1.39351516688825,1.9999468226263344,1.1777509,2.435502483153616,-1.518148988785,3.288429579047517,-1.05320985,3.6182193169793706,5.762024814077501,5.221662979312905,8.04427175,7.771649105363544,not_hand_wash
1.53696187153425,2.28084359126524,0.54187317,2.7479981192945235,-4.7245771917825,4.5670398562097265,-7.2401443,6.567140782463784,0.7854885634750002,6.241004722233798,-2.2956262,6.282496070546899,not_hand_wash
0.29130323422625,1.152426091116875,0.177830205,1.1872755598507352,-2.849435573975,2.9302796651991896,-2.5267455500000002,4.084648780400027,6.87358628145,3.21832832386546,7.98798895,7.588012353425093,not_hand_wash
3.5875716103499995,2.3968374717871193,2.6075774000000003,4.312903644980578,-6.92734551125,1.907058560565334,-7.2078115,7.184420366652934,0.4414050834000001,4.248661524075052,2.0267853000000002,4.266243708690554,not_hand_wash
1.100316877275,1.7132857443216005,0.77538755,2.0343812086252626,-5.506027151224999,1.839761445719207,-5.093009,5.804532312059158,5.877734199375001,1.8666709144906175,6.558162149999999,6.166320496921174,not_hand_wash
2.1792372508455,3.1975362456604066,0.47062135,3.866232331699548,-4.8716912610600005,2.915399222380601,-5.516328700000001,5.67553340994317,3.2079909190125,4.8234998542553855,4.7104047,5.78784858158525,not_hand_wash
1.9790166138,0.8235454435195376,1.8549426,2.1431374868389463,-6.61577742575,1.9681458892706958,-7.0263887,6.901624822671311,2.7294510634124998,4.84039661549061,4.01764525,5.551645603271922,not_hand_wash
