mean_x,std_x,mean_y,std_y,mean_z,std_z,Activity
-1.6552379134846666,1.440502601136643,-4.475333485500001,5.64265034779519,-0.29113061686666697,7.481498200028482,hand_wash
-0.892504034727,1.9303241053891742,-7.776305069516666,3.1884299956083244,-5.209578607068334,5.348753509627459,hand_wash
-2.354787187367333,1.8702097315574586,-6.666512929199999,2.8194273292287004,-6.388251570516667,4.144574211666867,hand_wash
-4.168679185333333,0.9042556250421523,-4.698158136333333,1.5326425237481687,-5.443472253136667,6.045035613205437,hand_wash
-3.922495123333333,1.0525590249912662,-5.3123289511,1.981977627592409,-6.114389066166667,5.017427356801413,hand_wash
-3.9705392229799994,1.2552337632469959,-5.265458416522333,1.9379386511046441,-5.926024782700001,5.233801913472696,hand_wash
