mean_x,std_x,mean_y,std_y,mean_z,std_z,Activity
-2.483335868846667,1.8280782675467568,-6.1298289819,5.724852373921484,0.21241828686666697,6.67058183921272,hand_wash
-2.7899063561866666,1.527764500221917,-6.9331664174666665,3.3490565973031856,-7.015088045893334,3.34898151083703,hand_wash
-4.267122490466666,0.9720968807855459,-5.941935701333334,1.9782404404303204,-7.165347598,3.030590535515105,hand_wash
-4.878694693096667,1.7960690541509545,-5.418847456531333,4.5540385915179495,4.489192685843333,2.2134979947402336,hand_wash
-4.250884255333333,1.2033477365586036,-6.3086131668,2.4793464191905055,-4.515765404183333,4.940842656576006,hand_wash
-4.629049842333334,0.8652852874996043,-6.015119524,2.5221450591165637,-3.7942857383866673,5.5279882301402345,hand_wash
