mean_x,std_x,mean_y,std_y,mean_z,std_z,Activity
-3.3681558912453333,1.7072547089474492,-5.550761122466,5.296766354588219,-2.4736280618166666,7.1080499398298596,hand_wash
-3.778837863333333,1.610696866644215,-6.259611056129999,2.866500111976296,-5.270615683226666,4.976934528053027,hand_wash
-3.6292050305999997,1.3966980101537614,-5.7579781774,2.725743009891113,-6.918484921687667,4.220894580464285,hand_wash
-4.031292879166666,1.9387158246118275,-4.7535549036,3.0307340248284897,-4.839560090649999,6.448877928374782,hand_wash
-3.8681800790666663,1.8486146060379631,-5.56900718442,2.5933585746037147,-5.978599465666666,5.322573133809707,hand_wash
-4.4060216376,1.6002697334334612,-5.8808946121,2.5682397407594286,-2.8138285914666668,6.109203929266192,hand_wash
-4.52146954432,1.5959744922874075,-6.2062220842,3.0230601595163016,0.37492035668000007,5.193408614538379,hand_wash
