mean_x,std_x,mean_y,std_y,mean_z,std_z,Activity
-1.6392112362633335,1.552858935949538,-6.1894729286,5.7967596299043676,0.9896939162766664,6.3767200392813335,hand_wash
-3.6554823911666667,1.6257310584218168,-5.7168397683,1.8106927612294619,-7.981019366666666,1.869467141608561,hand_wash
-4.858648382999999,0.9113162925550318,-6.131661156333333,1.8573850457535983,-3.5210219862833334,5.0857788566279,hand_wash
-4.843563758566667,1.0920410271502465,-4.593855036666667,3.0461346072982867,-2.454008850733334,6.557831455981984,hand_wash
-5.03081038,0.8628948651755097,-4.781524776566666,2.6761172246427605,-0.3291236050999998,6.543818730815164,hand_wash
