mean_x,std_x,mean_y,std_y,mean_z,std_z,Activity
-3.4870446599819993,2.058607956852101,-6.282623233531,4.523962631307974,-4.0835402372,6.346111926745073,hand_wash
-3.5967525140666674,1.991908757517169,-4.633265065683333,2.7723458344602996,-6.0658420158,6.142294286888243,hand_wash
-3.2096574721666666,1.4582048442261297,-4.204867937853334,3.015101904713757,-9.368761567333335,2.1820572881881546,hand_wash
-4.151694505133334,1.3590573720368693,-7.055555885276665,4.012387613975011,0.1686932031566668,4.759347722507122,hand_wash
-5.308640630966667,1.9771620724277228,-5.078231743,2.69265887922539,-1.5106585748199997,6.214284029185659,hand_wash
-3.9161163954333325,1.475993579949512,-5.1071715704,3.324725353885222,-4.724794750933333,6.148007145200542,hand_wash
-4.604967915666667,1.6666466544856164,-5.7818845188133325,3.6819343169054948,-1.8735439354333334,6.211731305985071,hand_wash
