mean_x,std_x,mean_y,std_y,mean_z,std_z,Activity
-0.09852710770566667,2.0200943589016433,-6.385872527966667,5.684225725577873,-0.8217312281333329,7.041467220615881,hand_wash
-4.34355553219,0.9973585099067365,-4.5457630407,1.4529902926850442,-8.720900810666665,1.6009515573131055,hand_wash
-5.315817713333334,1.2871029765155404,-5.472843152109999,3.8216735831511968,1.744484320862334,4.526443270995991,hand_wash
-4.702014111,1.0576152769359455,-4.873609284733333,2.467205206226156,-5.510189490320001,5.449965510018076,hand_wash
-4.755606681,1.3704491918705892,-4.94817419128,3.082768202736938,-3.726343031366667,6.12208496216692,hand_wash
-4.274291561,1.1478700312440204,-6.517534718533333,3.0474457554123724,-4.261749646813333,4.699300126582965,hand_wash
