mean_x,std_x,mean_y,std_y,mean_z,std_z,Activity
-2.1375150145466666,1.4440591151138173,-5.966201231533333,6.0486462004758055,-0.8357340874000007,7.190340050964352,hand_wash
-1.9309485686723333,1.1943775224654127,-7.440978425866667,2.995467233597072,-4.9420070228999995,4.702044795534542,hand_wash
-3.6738322307333338,1.014525903271552,-5.632355444233334,1.6379430561402333,-6.6300247716000005,4.502464491271186,hand_wash
-4.943563827666667,1.32316681023224,-5.189380628666666,1.9494000381459515,-1.5010305950333334,6.322122139661687,hand_wash
-4.500592974333334,1.373204411673553,-5.853120372233334,2.1313854807402164,-4.7591832033,4.997817575415537,hand_wash
