mean_x,std_x,mean_y,std_y,mean_z,std_z,Activity
-3.6049075540333333,1.8904440487215592,-6.690578870391334,6.561139969479519,-0.6394781908500001,6.435896887550761,hand_wash
-3.7853722833956667,2.3362974261872402,-5.632064061313333,3.519003657398391,-6.265343157946666,5.769300080080297,hand_wash
-3.450556544123333,1.834503647934153,-5.004696669333333,2.0820577441667,-8.474237697733333,3.5115644351827444,hand_wash
-4.910029523933333,2.3792584642187578,-7.2541948019,4.506682016408041,-1.4922967570933334,5.122038680961393,hand_wash
-5.9061940004733335,3.7689174239306498,-4.5933720546800005,5.568217566575435,4.0320473122,2.1380216844517297,hand_wash
-4.400812455883333,3.0019639973201784,-7.266010255832666,4.668259554866089,-1.0683184214100003,5.364273167440498,hand_wash
