mean_x,std_x,mean_y,std_y,mean_z,std_z,Activity
-3.1249815649689996,1.5262230583662701,-5.9781164489766665,5.601260540638791,-0.7706613898999998,6.688938984404349,hand_wash
-4.203562646,0.9095817190742236,-5.227086219666667,1.5099861762242461,-8.293158314000001,1.6492883706357984,hand_wash
-4.848234043666666,1.3383194174935953,-5.064963351166667,2.1666873905426036,-5.176008417233334,5.343745775575083,hand_wash
-4.871298077,1.5449019201921406,-5.135720213633334,2.7119114884136604,-3.045973849853333,6.345417037206633,hand_wash
-4.148904314999999,0.917583441103188,-5.238262977933333,1.62310434404222,-8.244990442666667,1.63274604549785,hand_wash
-4.960452695333333,1.1896372671254396,-5.459810247033333,2.404606397377237,-2.082669073733334,6.051447141367368,hand_wash
