mean_x,std_x,mean_y,std_y,mean_z,std_z,Activity
-1.5782061051073333,1.3697728412272063,-4.792310326873333,4.735858826110107,-1.192033152400001,7.455978812390058,hand_wash
-3.9676532300000003,1.0059648804007189,-5.3687875536666665,1.409334675065022,-6.929541955366667,4.033603480920157,hand_wash
-4.331803960999999,0.8929207212369532,-5.241919387433334,1.9901697957184143,-5.6076029219166665,5.2443624304329655,hand_wash
-4.740462160333333,1.2083674271043008,-4.649874544766667,2.775605458794891,-2.3792523140916666,6.556804933712479,hand_wash
-4.256835875666667,1.0261939768445483,-5.339300868026666,2.213554996657809,-4.475002187233333,5.855669282738729,hand_wash
-4.725122070333334,1.1705814547898565,-4.2038141264,2.8373845999564447,-1.8976617833333338,7.029667045979481,hand_wash
-4.515693553666667,0.9977692666617728,-5.998498044233333,2.276861980100635,-4.246800712686667,4.926279306679407,hand_wash
