mean_x,std_x,mean_y,std_y,mean_z,std_z,Activity
-1.7447517764793334,1.770807856866775,-7.337110424483334,5.399286393774041,-0.5379133989643333,6.354102188929106,hand_wash
-0.23797313243999998,1.4072046232570072,-6.25851735,3.299527938917573,-7.744902396933333,3.8995853745082423,hand_wash
-2.2148581681786665,1.8469940327570566,-4.9564969110999995,2.340907669900122,-8.94140625769,2.3082425073881274,hand_wash
-3.987907088333333,1.3644565683589962,-5.419681715,1.6317723337578942,-5.841221126583334,5.055165265164833,hand_wash
-4.309634072933333,1.64674879384613,-5.0451924841333335,2.207480438867473,-4.454995781666668,6.391118947870844,hand_wash
-4.304109574,1.8997335384565832,-5.14751568369,2.8994493993510164,-3.351925641167333,6.515858346480864,hand_wash
-4.043168192466666,1.946674937215371,-4.489967056833334,3.0987119445543483,-4.883943791802333,6.47809574226927,hand_wash
-4.1245189983333335,1.3726650751374312,-5.8473164326,2.478056537557048,-4.2201122243333336,5.6998149457762,hand_wash
