mean_x,std_x,mean_y,std_y,mean_z,std_z,Activity
-1.3169453902366663,1.5430532645862631,-6.9258496146583335,5.902530103546921,-1.79180989601,6.751989736939617,hand_wash
-2.4611979123356664,1.9693201059241003,-6.642199498,2.7094983706486833,-5.660979942716667,4.6561751237969675,hand_wash
-4.551443212666666,1.5272581511098702,-5.074727047616666,2.2923805777476165,-3.242333496966667,6.310202352634315,hand_wash
-4.220966476,1.1323104626203924,-5.8576709018,2.470485301371305,-4.865262648853333,5.264969736254631,hand_wash
-5.946366455000001,2.1258321636327064,-5.729393672956666,4.687522388336958,3.520674713046667,1.7552001258764058,hand_wash
-3.7254848086666668,0.798840725843927,-6.434694975533334,1.6919461157987727,-7.3717543333333335,1.991783269765227,hand_wash
-4.550620947666666,1.597646538490359,-5.4901432051666665,2.6558981140354048,-4.46401302046,5.426192731481736,hand_wash
-5.7627562900000004,0.8345365540213928,-2.9975665315833337,3.4562816868790893,4.656712324333333,2.79260512569584,hand_wash
