mean_x,std_x,mean_y,std_y,mean_z,std_z,Activity
-3.1779873475800002,2.2584160657965233,-5.309494858601333,7.000901254302766,-1.6873112129666668,7.895799217349814,hand_wash
-3.665222133026667,2.0388773740922104,-4.904129809733333,3.1666307415128525,-7.136527532733333,5.518998445985044,hand_wash
-3.6929085580999996,1.2969856151828716,-3.6730219048666664,2.650553705840775,-9.549158436166666,2.293479286263839,hand_wash
-4.371066324796667,1.569638686178466,-5.767510397493334,4.382381826861187,-3.479220929413333,6.0966560515542945,hand_wash
-3.7898230143,1.6904000261413705,-5.259730329966666,4.627810878334127,-5.517713858858333,5.775262875023949,hand_wash
-3.479520290501,1.8268891103084242,-3.8799436072866667,3.337140250575996,-8.895338019033334,4.066050485579957,hand_wash
-4.738366509566666,1.8224406874650803,-6.125589749433333,4.687758429293634,-0.5618755917266666,5.711582298293265,hand_wash
-4.768024838600001,1.940417114500605,-3.917565373466667,3.0155129253007424,-3.594285631966666,6.983546830417656,hand_wash
