mean_x,std_x,mean_y,std_y,mean_z,std_z,Activity
-2.0982247273933337,2.5923488187134147,-6.5622776775533325,5.117986392695905,-2.7095773901333335,7.971289244832415,hand_wash
-3.3281151487043332,2.9588236332560016,-5.641073331140001,3.4063591387549668,-3.2831286879309998,7.270704849721559,hand_wash
-3.4705270076000003,1.3511147357613007,-6.673678007433334,3.6645338036180686,-2.64221348832,6.042197732971029,hand_wash
-3.840393872433333,1.8189707390349088,-4.678015999333334,2.554006393783795,-5.2135024834,6.441508135569692,hand_wash
-3.2749297448666663,1.4946106955947358,-6.5152594635,3.4418943428862763,-3.6643320056333337,5.948785323670026,hand_wash
-3.2734328554333336,1.6819134174827097,-4.948174226933332,3.0776399507143264,-4.609346827213334,6.597159223843487,hand_wash
-3.1094897841333333,1.491075513509927,-5.186135376466667,2.416450649299014,-6.222615989366667,5.654498328787537,hand_wash
