mean_x,std_x,mean_y,std_y,mean_z,std_z,Activity
-1.8354711192676667,1.6482406422023634,-5.960077948666666,5.660297665875334,-1.4532579171000004,7.344014377769454,hand_wash
-2.877356502241,1.7278309264179808,-6.487229729833333,2.8714407681397156,-6.872528514966666,3.439396073001601,hand_wash
-5.268396300333333,1.4243913315109122,-4.341867059616667,2.548799017177221,-1.7251804646000004,6.5783356745275325,hand_wash
-3.755139160333333,0.9616459154056121,-5.133069711,2.1121738377619663,-8.127375047333333,2.0572738346876935,hand_wash
-4.640785415566667,1.7172547186871232,-4.6452681287,3.3119069988393255,-4.478782323270001,6.2941606120714555,hand_wash
-4.848090361,1.458781604806387,-4.576630857033333,2.4760640137692476,-4.616467996133333,6.078334692346237,hand_wash
