mean_x,std_x,mean_y,std_y,mean_z,std_z,Activity
-3.0653136277916664,2.219496074653644,-5.574503777202334,5.476515077348457,-4.557522616599999,7.4853378882878525,hand_wash
-3.3617172703766665,1.639074309476387,-4.406213241433333,2.8756913919767206,-9.168913134999999,2.787795153877364,hand_wash
-5.512820036733333,2.2157271308902784,-6.837277823866668,4.333115645268718,-1.0892189544433333,4.254552341485193,hand_wash
-3.6468882447000004,1.8225799800394196,-2.481228255877667,3.2340655092580817,-9.878737078999999,2.848974695108032,hand_wash
-5.121202406299999,2.0415549802150252,-6.1961071328,5.092457708272462,-0.7699069731333334,5.328640470644767,hand_wash
-3.4405533239366664,1.4899841459741239,-1.790520585313333,3.303205515920858,-9.989007774500001,2.908896530237233,hand_wash
-4.72666682639,1.7569599965920863,-5.168312428853333,4.61679121788745,-3.3131422895666667,5.856842889818911,hand_wash
-3.9071669974666663,1.4063555642147145,-3.2618090419233337,4.165947344979236,-7.005076866616667,5.501765196976564,hand_wash
-4.491791283533333,1.6702199522774028,-6.04851406601,3.948713552069546,-2.420151262977667,5.391902089893859,hand_wash
