mean_x,std_x,mean_y,std_y,mean_z,std_z,Activity
-0.21271764952233327,1.7046894292969639,-5.955583283894333,5.214834985063662,-0.41668947075333373,6.79167640719632,hand_wash
1.6830919951933334,1.188449179476663,-7.892587283666667,2.85416681019695,-5.2456037137300005,3.526526152489565,hand_wash
-4.1330013832366665,1.4751688706507264,-4.720910801333333,1.045629252311174,-8.498000342333333,1.2193702796433679,hand_wash
-4.607542557,0.8810620460692578,-5.445432172666666,1.8309914122935038,-4.638753652586667,5.455787829162119,hand_wash
-4.547950486666667,0.9624475576518831,-5.968548339333333,1.701646167474795,-4.331452697766667,5.084745444666729,hand_wash
-4.854608774833333,1.5252345437935988,-5.536670428203333,2.2572211243385163,-2.925121219733333,5.776447505891222,hand_wash
-4.499539153333333,1.1861650774435268,-6.3876528198,1.9948078803873643,-4.412695765413333,4.704077062409791,hand_wash
-3.461094620666666,0.6480882727439513,-2.9252089834,2.5257324201415465,6.121829572,3.672006969083607,hand_wash
