mean_x,std_x,mean_y,std_y,mean_z,std_z,Activity
-3.238473562353333,1.925292224912611,-6.118660179820001,4.848322846285273,-2.0608025565233326,6.8601966106786305,hand_wash
-2.6452631434,1.3497426240130137,-4.223956236733334,1.7960784706600057,-9.405541109333333,1.4594473540669148,hand_wash
-4.329301181793333,1.7657085964590964,-4.2209425022666665,2.846334607232587,-5.707918311479999,6.08401103150599,hand_wash
-4.55163481946,2.3264591468854032,-4.9412725657,2.6311813863564146,-3.3978940098333332,6.55380250476182,hand_wash
-4.339136724133334,2.230681842054847,-4.170842686735667,2.7075319088292726,-4.186721679933333,6.891815568058393,hand_wash
-3.2456027466666666,1.128650782827159,-4.381524576513334,2.763654925549076,-9.089873501729,2.5288217558731683,hand_wash
