mean_x,std_x,mean_y,std_y,mean_z,std_z,Activity
-0.66677343513,2.0819366288793053,-5.5430332103,6.6534516270686215,1.04185346412,6.866566408729332,hand_wash
-0.7705815636866666,2.7703583902096804,-7.358150659066667,2.9708097638306996,-6.015071585053334,3.646308874421163,hand_wash
-4.105302969333334,0.8556349902433328,-6.016237163333333,1.4360772259420342,-5.629541321886666,4.5271110740799925,hand_wash
-4.23190371932,1.5091966710839546,-5.607247692706667,3.0584091991073605,-3.6038577386000004,6.329800578658381,hand_wash
-4.1701720736666665,1.119047302677877,-5.4832854727,2.074747950019397,-6.440135673333334,4.4264300304369675,hand_wash
-4.0529598343333335,0.8791019802893382,-6.1544816825,2.319629272015229,-5.691532418656667,4.400749942270398,hand_wash
-4.662851556,1.085781795280172,-5.967207137433333,1.8144368065337206,-5.617554213433333,4.140226113023559,hand_wash
-4.590442126999999,0.6662783314859394,-6.5316014682,2.1835133357849092,-4.059945285537666,4.399395736804722,hand_wash
-4.988673984,0.6322166268330728,-1.06339665326,2.372478866827048,6.807212317333333,0.9879177517538769,hand_wash
