mean_x,std_x,mean_y,std_y,mean_z,std_z,Activity
-3.025272907971667,1.7032824679175704,-5.182307323653333,6.248360989514087,-3.5580050995679993,7.6613389713230395,hand_wash
-2.0999211900633337,2.274156642201758,-5.399395900366667,3.9242157916717413,-6.7785599113,5.80150248176426,hand_wash
-4.609602305,2.1891846224168257,-6.666756393920001,5.197132345817491,-4.364715529183334,5.634330876327336,hand_wash
-4.8841313990733335,2.200887836449378,-5.83674244519,3.5672820106086602,-3.6304304734453337,5.752542142257678,hand_wash
-4.21127460425,1.8566596515119527,-5.599184432353333,5.654968446913434,-3.379125093037667,6.467231947660457,hand_wash
-4.375888307333333,1.915457967261154,-3.995415486646666,3.031812507672077,-5.22262350954,6.716853796968049,hand_wash
-4.189759352466666,1.6920254090903852,-7.316030225749999,4.732122362192787,-3.496824299433334,4.8687318209907655,hand_wash
