mean_x,std_x,mean_y,std_y,mean_z,std_z,Activity
-2.728306448769333,2.2119278060215826,-5.517873529913333,5.990256179869882,-3.7195291766466667,7.516442877272796,hand_wash
-3.236809021383333,2.7415019316881297,-7.4574162151,4.771943094600104,-1.699753349729,7.047372320742877,hand_wash
-2.743985859196667,2.3091843743428875,-8.497876606366667,5.81476959646746,-4.44287299597,5.629888163971718,hand_wash
-2.7933312330633333,2.495047877607075,-5.8087446497799995,4.559804705415286,-2.9109945559133332,7.003573295618236,hand_wash
-3.13980273974,2.6355091687963736,-5.925753322181,3.6257503133842657,-6.687680911536667,5.538678931908354,hand_wash
-4.759706129033333,2.3173112414067094,-6.62249642159,4.448542265294483,-1.550423882243333,5.307090609152634,hand_wash
-4.20904725038,1.9723773551579784,-5.856513320133334,3.2854130680445888,-5.7908259377,5.177355343917462,hand_wash
