mean_x,std_x,mean_y,std_y,mean_z,std_z,Activity
-2.156272010372333,2.0453148524086284,-5.2351813667460005,5.7014348752173545,-2.7872718375000005,7.6860397680469585,hand_wash
-3.003442311,1.5321132503221588,-4.965913326466666,3.4902614013362037,-8.093245982046666,3.239379519436859,hand_wash
-4.623657039333333,1.8116649969722982,-5.254126003553333,3.911626663246659,-2.145993373293334,6.352874772551723,hand_wash
-3.3950479631999997,2.1013543189665738,-3.0430838831466667,3.2479422533279934,-7.706039237650001,5.520045627218869,hand_wash
-4.400325473533333,1.7760961707438139,-5.803383800475,3.6114824675096697,-2.7298352684976663,5.517129531934757,hand_wash
-4.291268263844334,2.0367450861366696,-3.5239199682000004,2.9469270413841144,-5.373022731533333,6.560204724460675,hand_wash
-3.9460261816,1.9483834052088842,-3.4671220963900002,2.919904830042766,-7.045528770032667,5.701061014643878,hand_wash
-3.946381456433334,1.638695252642924,-3.7385216978333333,3.274679415086998,-6.859080487899334,5.609614846828534,hand_wash
