mean_x,std_x,mean_y,std_y,mean_z,std_z,Activity
-2.91532155699,2.023269218536978,-5.654078275021667,6.580126466307456,-2.559449593853999,7.95992003865511,hand_wash
-3.087551411036667,2.6062684223235353,-6.4470732371,3.784268868640226,-5.4015873575999995,5.862651235222492,hand_wash
-3.9424336720333333,1.9259763547583002,-5.478443530716667,4.403612545977896,-5.9000148656933336,5.554920200110895,hand_wash
-4.8566166097,2.5416501906697464,-4.9983059825666665,3.5510055492020247,-4.7056146174833335,6.393726662057088,hand_wash
-3.658049049133333,2.1339087847436544,-5.058588599567666,4.1273726841183445,-8.493465735866666,4.117433416341584,hand_wash
-5.351331855333334,2.0713560952132695,-6.877031151866667,3.7592254840958095,-0.8175758275643336,4.539834886523487,hand_wash
-3.7522771049666668,1.933412371376039,-5.307798398913333,3.7574922294119992,-7.5939283752,3.9394314114582696,hand_wash
-4.625868458299999,1.8877917239423738,-4.617034833646667,2.7005608654508166,-5.0488288827000005,6.192869749097501,hand_wash
-5.055946104333334,2.2135203939600907,-6.87983331817,4.364987758117015,-1.4721306768576667,5.032960657840244,hand_wash
