mean_x,std_x,mean_y,std_y,mean_z,std_z,Activity
-0.3366319693290001,1.5686639281899089,-5.613430828931,6.485909106302767,-1.1383926988,7.407537155733371,hand_wash
-3.182206570763334,1.9395750265919407,-3.307406219166667,2.4505560405347055,-9.708954174,2.057898107078536,hand_wash
-4.894645530766667,2.092312369389021,-4.625313588533333,2.640646753395169,-2.9413913406899996,6.29161728186673,hand_wash
-3.0781509486276666,1.609621311135961,-4.170032381233333,2.8543339188946675,-9.108035715966667,2.786725515363861,hand_wash
-4.586314700066667,2.1863784159408173,-4.537560095283334,2.90358667482246,-2.748340814635667,6.845869491887509,hand_wash
-4.264811276033333,1.6090591485398873,-5.092178774653333,3.54505357246028,-3.5253050819466663,6.408317902824789,hand_wash
