mean_x,std_x,mean_y,std_y,mean_z,std_z,Activity
-4.240150560533333,2.3139275582741137,-7.1607451101,4.754690140323638,-3.3424333637100005,6.320679058859202,hand_wash
-4.142162333573333,2.6226723580758637,-5.0583132127,4.665282086195331,-3.7838195030800006,6.947861815472746,hand_wash
-3.5388489286999993,2.376577793232677,-6.041991596166667,3.9329606641852077,-7.69284267,4.89706718611845,hand_wash
-5.673334228933333,2.492065933198752,-6.946087539886666,6.4617488279423,0.8157995405166666,3.294798673053866,hand_wash
-3.92155708495,1.9822615739503384,-7.2271790099999995,3.094518422574113,-6.030331882083334,4.554705193285404,hand_wash
-3.316551206963333,1.6892829815088426,-6.5982309375,2.5752109661305713,-7.3609887505666665,3.5139209943626346,hand_wash
-5.216464297233333,2.250990929193818,-6.389640704137666,4.844019343521731,-0.4961881858633334,4.852511820626483,hand_wash
-3.562511714226667,1.9753821138811094,-4.065689371763333,3.4788192165785423,-9.018833220906666,3.7735599492624194,hand_wash
