mean_x,std_x,mean_y,std_y,mean_z,std_z,Activity
-2.995874051635333,2.1177945083588297,-4.770100518252,5.89186210290764,-3.8994630317666665,7.8658680132100915,hand_wash
-4.203802153513334,2.2412061323475845,-5.478579229,5.326076708971054,-1.7264099141666664,6.886748635746039,hand_wash
-3.9850849623999998,1.6136386243953187,-5.548090678626666,4.191518147961725,-4.65655265058,5.871250869388613,hand_wash
-4.632362965034667,1.9959543977727463,-5.926280232066666,3.8004389222065638,-3.007609633983333,5.930819487169733,hand_wash
-3.87305794563,1.810623683226463,-4.677820413666667,3.3251730624864524,-7.477454565483334,4.998842559056189,hand_wash
-4.041807023833333,1.6746116171823078,-5.661514811966666,3.3629932920083885,-6.766636683631,4.798740213792057,hand_wash
