mean_x,std_x,mean_y,std_y,mean_z,std_z,Activity
-3.206180724116667,2.4049108082108623,-5.8567248947,5.213165952601524,-4.405977722933334,7.505567648385499,hand_wash
-4.0942100589,2.056489351897675,-5.295292378965333,4.113730369880644,-6.681182423499999,4.890982750791246,hand_wash
-4.831265347233333,1.998568334090149,-4.348952315246667,2.634862985974473,-3.4263827844133328,6.796194379822267,hand_wash
-3.5565241643033336,1.8982352192859187,-4.613558053638667,3.0233801856068503,-8.997625320666666,2.776523799733335,hand_wash
-4.968711513666666,1.8433344840782129,-5.645791525133333,4.38462277824445,-0.8867080858999998,5.9692343204957,hand_wash
-4.084598038666666,1.498839196538015,-5.95334795562,3.611273458024219,-4.033600072813333,5.943195419836225,hand_wash
-4.198509161733333,1.6521387324282792,-5.506736674143334,2.419994858401146,-5.630219904666668,5.146487028351541,hand_wash
-4.803263569333334,1.6378609975506584,-5.879026483733333,3.2670511795465047,-1.23838475177,5.680735998468115,hand_wash
