mean_x,std_x,mean_y,std_y,mean_z,std_z,Activity
-3.6052348794633335,2.205666229672914,-5.972691749086667,5.437408841584276,-4.293591422813334,7.458763933081673,hand_wash
-3.7327816388133335,2.997128455165263,-7.147245234233334,3.0489050035791205,-4.0923778592949995,6.114555492638569,hand_wash
-3.55838830586,2.2837912991357268,-5.5496873829833335,3.6280607165942866,-7.788775156366667,4.917471642456317,hand_wash
-4.0984093223333335,1.7514582621503039,-5.738694288376667,4.136722017052803,-5.086115355206667,5.642660282183602,hand_wash
-4.2938389148,1.969841147744043,-4.935185240503333,3.1995922361204174,-5.598557724766667,5.706400697514803,hand_wash
