mean_x,std_x,mean_y,std_y,mean_z,std_z,Activity
-4.616823283133334,1.8240145136296033,-7.4819492115666675,8.331573468325988,0.18506313863399995,4.838734192096545,hand_wash
-3.0517458548799996,2.772875188493725,-6.317750144343333,5.002542977619227,-6.8215864612666675,5.98841719842767,hand_wash
-3.134845046553333,2.2817827432661337,-4.800972334108666,3.988892639843793,-6.174432195526667,6.199800075768831,hand_wash
-4.650928334276667,2.6125047383201228,-7.091616920417667,4.892632021936482,-4.0892802914083335,5.163169552307659,hand_wash
-5.5628919015,2.478068151804176,-6.28039185842,3.4570522211192514,-0.36963534459999986,4.890320885936754,hand_wash
-3.9925334781999995,1.912571830909169,-5.55429778625,4.313464549599994,-6.150450070473333,5.176442196034617,hand_wash
-3.8143041122333328,1.8975234913716645,-5.421921070843333,4.99874877460702,-6.989134021373332,4.871188295231984,hand_wash
-4.650010259689999,2.26613838396046,-6.2593795639000005,2.5734413478623748,-3.5693814356866667,5.473592623074974,hand_wash
