mean_x,std_x,mean_y,std_y,mean_z,std_z,Activity
-1.2960528471200001,2.0837316230235636,-6.0192788257,5.594740904368308,-0.7637996745633332,6.793866517434694,hand_wash
-4.0406933163,1.1412728950132627,-5.480730757473334,1.776935250530047,-7.516501349133334,3.442419669932973,hand_wash
-4.644609486999999,1.516235096803848,-4.529037813337666,2.7616515973335534,-4.33417503543,6.2992369540790465,hand_wash
-4.595647303,1.5811147036570172,-4.4887975008,2.625351186381179,-4.143016549523334,6.492815284844876,hand_wash
-4.337847402011667,1.709802507708422,-4.629353217773333,2.3670498918503693,-6.280447705197665,5.658324564272418,hand_wash
-4.429804164276667,1.8362263091706368,-5.23407968201,2.4843736998264214,-5.6656182873046665,5.302945631585575,hand_wash
