mean_x,std_x,mean_y,std_y,mean_z,std_z,Activity
-0.4906676506466667,1.7718376328977574,-5.9206359912,5.490356601924033,-0.3509621874866665,7.221233409937989,hand_wash
-3.2334919129800004,1.6349525779679017,-5.805810770466667,3.0194451516577336,-7.587350036666667,3.1957165550265887,hand_wash
-4.518851004,1.5462465448186253,-4.912340736166667,2.6897290466568062,-2.1860939922666667,6.919151888092886,hand_wash
-4.243551490933333,1.4292857310333071,-5.3706237052,3.073618375528375,-5.6836847102,5.401692642775262,hand_wash
-4.81779734702,2.0794590512805193,-4.443363976513333,2.9112723015735225,-1.8155165959666666,7.020371128507705,hand_wash
-4.618212385666667,1.358590889387097,-5.424751185313333,2.8412905637574,-1.3785293346400003,6.7683283565988415,hand_wash
