mean_x,std_x,mean_y,std_y,mean_z,std_z,Activity
-2.3799748216766665,1.6720353114613355,-5.484562792416667,5.291994722156533,-2.610774878899999,7.869521499187253,hand_wash
-4.008424447266667,1.6027256909292713,-5.309019860253334,4.186180758992265,-4.995783242500001,6.2029355573229825,hand_wash
-5.0456355687666665,1.9438236682217553,-4.816907225486667,3.276301462575081,-2.398532234066666,6.928553885876594,hand_wash
-4.660604227593333,1.601099224056682,-7.4686967628000005,3.73130386901971,-1.3612851963950001,4.412930946248181,hand_wash
-3.983412446743334,1.653735840720451,-5.37535788666,3.2014787639874056,-5.755052308623334,5.441548108244199,hand_wash
