mean_x,std_x,mean_y,std_y,mean_z,std_z,Activity
-1.2063154532256666,1.7850614330105061,-6.744790119660001,5.716402329496139,-2.6003725156333335,7.279540269078185,hand_wash
-0.6992459124933335,1.6794211171374853,-7.467539184970001,3.3384746523301785,-5.62710635418,5.9463623562014565,hand_wash
-3.4489359036819995,1.840294281945866,-5.43720926178,2.3892187308599744,-6.335816602986667,4.796896606357048,hand_wash
-3.7689025143333335,1.6976831686755651,-5.190889507833333,2.624557101307541,-5.315087213083333,5.772117902268726,hand_wash
-3.9973434747333334,2.1316883094580183,-4.465226497833333,2.859434968491059,-4.031081322466667,6.7345820855585075,hand_wash
-3.6343902507666668,1.7158923110190492,-4.507203201066667,2.5536171845960784,-6.572017427286666,5.574262870804896,hand_wash
