mean_x,std_x,mean_y,std_y,mean_z,std_z,Activity
-0.9072773059486665,1.4859541632023134,-6.2987257303333335,5.390766760269482,1.91646272462,6.148455379925525,hand_wash
-1.0744017715846668,1.6241429602740338,-8.437118903333333,2.8426316130987295,-3.180522081956666,5.759354183046285,hand_wash
-4.039918951173334,1.457995900721359,-6.082271851800001,1.4472521127597588,-7.424472698333332,1.625375555526384,hand_wash
-4.778642770666667,0.9613045133078851,-5.428655053666667,2.5803320032759878,-3.1153855203800003,6.023824696582017,hand_wash
-4.218846863333333,1.1525543607217785,-6.440083762333334,1.953166245125921,-5.912265410653334,3.472778050783522,hand_wash
-4.680822165333333,1.1587663651434865,-5.7735777915,2.538893064399208,-2.898093381533333,5.787923825346358,hand_wash
