mean_x,std_x,mean_y,std_y,mean_z,std_z,Activity
-2.904316446862,2.4580557302008788,-5.438019580386667,4.900390872109106,-4.338466144020668,7.438372852207812,hand_wash
-3.3537458642266667,2.1471210344424843,-5.196936906993334,3.3569494402600677,-4.427293393433334,6.803348511522706,hand_wash
-2.9875234165266664,2.176173778908531,-4.639112909033333,3.5861194516326824,-2.3511427732,7.566281904271438,hand_wash
-1.9073416556300002,1.5587723221548841,-4.559965497883333,3.033112305482285,-9.772533927333335,2.0928437449366957,hand_wash
-2.88037423646,1.9819070378762265,-5.278243833216667,4.438585667928585,-0.32557100170000053,6.8985140206493964,hand_wash
-2.3366728671700003,2.0625591374019514,-5.425341952666667,3.106831954020038,-5.9301960912,6.1793143334107254,hand_wash
