mean_x,std_x,mean_y,std_y,mean_z,std_z,Activity
-2.5030868083576667,1.8628617039318691,-6.0875887896566665,4.890123528927559,-2.8958700092200003,6.975524046250797,hand_wash
-3.292852470596667,1.675786230787396,-4.789592000433333,2.7648581505904417,-6.3472049250666664,5.98680280782982,hand_wash
-4.099802420233333,1.7922577723127655,-4.250022041723333,3.0474732298202643,-4.780973907133333,6.8693587410463435,hand_wash
-3.466231934698,1.8319231043037387,-5.070431953099999,3.6773825401782023,-4.682430837166667,6.438386292934051,hand_wash
-4.491647559576666,1.619593888056682,-6.255264116406666,3.5604195194342885,0.6128934749633336,5.006504056069309,hand_wash
