mean_x,std_x,mean_y,std_y,mean_z,std_z,Activity
-0.24834357169433327,1.607376509335116,-6.100070815043334,5.653039320658463,-0.39271135601000007,6.6439737766369324,hand_wash
-2.3838467610933334,2.4002118668780144,-6.494506603,2.045003060410473,-6.563710682233334,3.2023991973702715,hand_wash
-4.487552087333333,1.0460302461250732,-5.19930002893,2.1518571696756457,-4.434191032666666,5.858612194459127,hand_wash
-4.625225796533334,1.1297657949425435,-4.570846877786667,3.11637532422171,-1.3857543337956668,6.814821407459045,hand_wash
-4.338633747333334,1.123309868055903,-5.285129543633334,3.377210225265885,-3.2055939326,5.851593328571623,hand_wash
-4.557043555333334,1.0871378761872506,-5.092422267093333,2.1380561754491185,-5.068324365756666,5.55682057980147,hand_wash
